straat,huisnummer,huisletter,toevoeging,postcode,plaats
Bos en Lommerweg,101,"","",1055DP,Amsterdam
Bos en Lommerweg,103,"","",1055DP,Amsterdam
Bos en Lommerweg,105,"",1,1055DP,Amsterdam
Bos en Lommerweg,105,"",2,1055DP,Amsterdam
Bos en Lommerweg,105,"",3,1055DP,Amsterdam
Bos en Lommerweg,107,"",1,1055DP,Amsterdam
Bos en Lommerweg,107,"",2,1055DP,Amsterdam
Bos en Lommerweg,107,"",3,1055DP,Amsterdam
Bos en Lommerweg,109,"","",1055DP,Amsterdam
Bos en Lommerweg,111,"","",1055DP,Amsterdam
Bos en Lommerweg,73,"","",1055DP,Amsterdam
Bos en Lommerweg,75,"",1,1055DP,Amsterdam
Bos en Lommerweg,75,"",2,1055DP,Amsterdam
Bos en Lommerweg,75,"",3,1055DP,Amsterdam
Bos en Lommerweg,77,"","",1055DP,Amsterdam
Bos en Lommerweg,77,"","",1055DP,Amsterdam
Bos en Lommerweg,79,"","",1055DP,Amsterdam
Bos en Lommerweg,81,"",2,1055DP,Amsterdam
Bos en Lommerweg,81,"",3,1055DP,Amsterdam
Bos en Lommerweg,83,"",1,1055DP,Amsterdam
Bos en Lommerweg,83,"",2,1055DP,Amsterdam
Bos en Lommerweg,83,"",3,1055DP,Amsterdam
Bos en Lommerweg,85,"","",1055DP,Amsterdam
Bos en Lommerweg,87,"","",1055DP,Amsterdam
Bos en Lommerweg,89,"",1,1055DP,Amsterdam
Bos en Lommerweg,89,"",2,1055DP,Amsterdam
Bos en Lommerweg,89,"",3,1055DP,Amsterdam
Bos en Lommerweg,89,"",3,1055DP,Amsterdam
Bos en Lommerweg,89,"",4,1055DP,Amsterdam
Bos en Lommerweg,91,"",1,1055DP,Amsterdam
Bos en Lommerweg,91,"",2,1055DP,Amsterdam
Bos en Lommerweg,91,"",3,1055DP,Amsterdam
Bos en Lommerweg,93,"","",1055DP,Amsterdam
Bos en Lommerweg,95,"","",1055DP,Amsterdam
Bos en Lommerweg,97,"",1,1055DP,Amsterdam
Bos en Lommerweg,97,"",2,1055DP,Amsterdam
Bos en Lommerweg,97,"",3,1055DP,Amsterdam
Bos en Lommerweg,99,"",1,1055DP,Amsterdam
Bos en Lommerweg,99,"",2,1055DP,Amsterdam
Bos en Lommerweg,99,"",3,1055DP,Amsterdam
Bos en Lommerweg,99,"",4,1055DP,Amsterdam
Bos en Lommerweg,113,"",1,1055DR,Amsterdam
Bos en Lommerweg,113,"",2,1055DR,Amsterdam
Bos en Lommerweg,113,"",3,1055DR,Amsterdam
Bos en Lommerweg,115,"",1,1055DR,Amsterdam
Bos en Lommerweg,115,"",2,1055DR,Amsterdam
Bos en Lommerweg,115,"",3,1055DR,Amsterdam
Bos en Lommerweg,117,"","",1055DR,Amsterdam
Bos en Lommerweg,117,"","",1055DR,Amsterdam
Bos en Lommerweg,117,"","",1055DR,Amsterdam
Bos en Lommerweg,119,"","",1055DR,Amsterdam
Bos en Lommerweg,121,"",1,1055DR,Amsterdam
Bos en Lommerweg,121,"",2,1055DR,Amsterdam
Bos en Lommerweg,121,"",3,1055DR,Amsterdam
Bos en Lommerweg,123,"",1,1055DR,Amsterdam
Bos en Lommerweg,123,"",2,1055DR,Amsterdam
Bos en Lommerweg,123,"",3,1055DR,Amsterdam
Bos en Lommerweg,125,"","",1055DR,Amsterdam
Bos en Lommerweg,127,"","",1055DR,Amsterdam
Bos en Lommerweg,129,"",1,1055DR,Amsterdam
Bos en Lommerweg,129,"",2,1055DR,Amsterdam
Bos en Lommerweg,129,"",3,1055DR,Amsterdam
Bos en Lommerweg,131,"",1,1055DR,Amsterdam
Bos en Lommerweg,131,"",2,1055DR,Amsterdam
Bos en Lommerweg,131,"",3,1055DR,Amsterdam
Bos en Lommerweg,133,"","",1055DR,Amsterdam
Bos en Lommerweg,135,"",1,1055DR,Amsterdam
Bos en Lommerweg,135,"",2,1055DR,Amsterdam
Bos en Lommerweg,135,"",3,1055DR,Amsterdam
Bos en Lommerweg,137,"",1,1055DR,Amsterdam
Bos en Lommerweg,137,"",2,1055DR,Amsterdam
Bos en Lommerweg,137,"",3,1055DR,Amsterdam
Bos en Lommerweg,139,"",1,1055DR,Amsterdam
Bos en Lommerweg,139,"",2,1055DR,Amsterdam
Bos en Lommerweg,139,"",3,1055DR,Amsterdam
Bos en Lommerweg,141,"","",1055DR,Amsterdam
Bos en Lommerweg,141,"","",1055DR,Amsterdam
Bos en Lommerweg,143,"","",1055DR,Amsterdam
Bos en Lommerweg,145,"",1,1055DR,Amsterdam
Bos en Lommerweg,145,"",2,1055DR,Amsterdam
Bos en Lommerweg,145,"",3,1055DR,Amsterdam
Bos en Lommerweg,147,"",1,1055DR,Amsterdam
Bos en Lommerweg,147,"",2,1055DR,Amsterdam
Bos en Lommerweg,147,"",3,1055DR,Amsterdam
Bos en Lommerweg,149,"","",1055DR,Amsterdam
Bos en Lommerweg,149,"","",1055DR,Amsterdam
Bos en Lommerweg,151,"","",1055DR,Amsterdam
Bos en Lommerweg,151,"","",1055DR,Amsterdam
Bos en Lommerweg,151,"","",1055DR,Amsterdam
Bos en Lommerweg,153,"",1,1055DS,Amsterdam
Bos en Lommerweg,153,"",2,1055DS,Amsterdam
Bos en Lommerweg,153,"",3,1055DS,Amsterdam
Bos en Lommerweg,155,"",1,1055DS,Amsterdam
Bos en Lommerweg,155,"",2,1055DS,Amsterdam
Bos en Lommerweg,155,"",3,1055DS,Amsterdam
Bos en Lommerweg,161,"",1,1055DS,Amsterdam
Bos en Lommerweg,161,"",2,1055DS,Amsterdam
Bos en Lommerweg,161,"",3,1055DS,Amsterdam
Bos en Lommerweg,163,A,"",1055DS,Amsterdam
Bos en Lommerweg,163,B,"",1055DS,Amsterdam
Bos en Lommerweg,163,C,"",1055DS,Amsterdam
Bos en Lommerweg,163,D,"",1055DS,Amsterdam
Bos en Lommerweg,165,A,"",1055DS,Amsterdam
Bos en Lommerweg,165,B,"",1055DS,Amsterdam
Bos en Lommerweg,165,C,"",1055DS,Amsterdam
Bos en Lommerweg,167,"","",1055DS,Amsterdam
Bos en Lommerweg,169,"","",1055DS,Amsterdam
Bos en Lommerweg,171,A,"",1055DS,Amsterdam
Bos en Lommerweg,171,B,"",1055DS,Amsterdam
Bos en Lommerweg,171,C,"",1055DS,Amsterdam
Bos en Lommerweg,173,A,"",1055DS,Amsterdam
Bos en Lommerweg,173,B,"",1055DS,Amsterdam
Bos en Lommerweg,173,C,"",1055DS,Amsterdam
Bos en Lommerweg,175,"","",1055DS,Amsterdam
Bos en Lommerweg,177,"",1,1055DS,Amsterdam
Bos en Lommerweg,177,"",2,1055DS,Amsterdam
Bos en Lommerweg,177,"",3,1055DS,Amsterdam
Bos en Lommerweg,177,"",4,1055DS,Amsterdam
Bos en Lommerweg,177,"",H,1055DS,Amsterdam
Bos en Lommerweg,179,"",1,1055DS,Amsterdam
Bos en Lommerweg,179,"",2,1055DS,Amsterdam
Bos en Lommerweg,179,"",3,1055DS,Amsterdam
Bos en Lommerweg,179,"",H,1055DS,Amsterdam
Bos en Lommerweg,181,"",1,1055DS,Amsterdam
Bos en Lommerweg,181,"",2,1055DS,Amsterdam
Bos en Lommerweg,181,"",3,1055DS,Amsterdam
Bos en Lommerweg,181,"",3,1055DS,Amsterdam
Bos en Lommerweg,181,"",4,1055DS,Amsterdam
Bos en Lommerweg,181,"",H,1055DS,Amsterdam
Admiraal De Ruijterweg,266,"",2,1055MR,Amsterdam
Admiraal De Ruijterweg,266,"",H,1055MR,Amsterdam
Admiraal De Ruijterweg,268,"",1,1055MR,Amsterdam
Admiraal De Ruijterweg,268,"",2,1055MR,Amsterdam
Admiraal De Ruijterweg,268,"",3,1055MR,Amsterdam
Admiraal De Ruijterweg,268,"",H,1055MR,Amsterdam
Admiraal De Ruijterweg,268,"",H,1055MR,Amsterdam
Admiraal De Ruijterweg,270,"","",1055MR,Amsterdam
Admiraal De Ruijterweg,272,"",1,1055MR,Amsterdam
Admiraal De Ruijterweg,272,"",2,1055MR,Amsterdam
Admiraal De Ruijterweg,272,"",3,1055MR,Amsterdam
Admiraal De Ruijterweg,272,"",4,1055MR,Amsterdam
Admiraal De Ruijterweg,272,"",H,1055MR,Amsterdam
Admiraal De Ruijterweg,274,"",1,1055MR,Amsterdam
Admiraal De Ruijterweg,274,"",2,1055MR,Amsterdam
Admiraal De Ruijterweg,274,"",3,1055MR,Amsterdam
Admiraal De Ruijterweg,274,"",4,1055MR,Amsterdam
Admiraal De Ruijterweg,274,"",H,1055MR,Amsterdam
Admiraal De Ruijterweg,276,"",1,1055MR,Amsterdam
Admiraal De Ruijterweg,276,"",2,1055MR,Amsterdam
Admiraal De Ruijterweg,276,"",3,1055MR,Amsterdam
Admiraal De Ruijterweg,276,"",H,1055MR,Amsterdam
Admiraal De Ruijterweg,278,"",1,1055MR,Amsterdam
Admiraal De Ruijterweg,278,"",2,1055MR,Amsterdam
Admiraal De Ruijterweg,278,"",3,1055MR,Amsterdam
Admiraal De Ruijterweg,278,"",3,1055MR,Amsterdam
Admiraal De Ruijterweg,278,"",4,1055MR,Amsterdam
Admiraal De Ruijterweg,278,"",H,1055MR,Amsterdam
Admiraal De Ruijterweg,280,"",1,1055MR,Amsterdam
Admiraal De Ruijterweg,280,"",2,1055MR,Amsterdam
Admiraal De Ruijterweg,280,"",3,1055MR,Amsterdam
Admiraal De Ruijterweg,280,"",H,1055MR,Amsterdam
Admiraal De Ruijterweg,282,"",1,1055MR,Amsterdam
Admiraal De Ruijterweg,282,"",2,1055MR,Amsterdam
Admiraal De Ruijterweg,282,"",3,1055MR,Amsterdam
Admiraal De Ruijterweg,282,"",H,1055MR,Amsterdam
Admiraal De Ruijterweg,284,"",1,1055MR,Amsterdam
Admiraal De Ruijterweg,284,"",2,1055MR,Amsterdam
Admiraal De Ruijterweg,284,"",3,1055MR,Amsterdam
Admiraal De Ruijterweg,284,"",H,1055MR,Amsterdam
Admiraal De Ruijterweg,286,"",1,1055MS,Amsterdam
Admiraal De Ruijterweg,286,"",2,1055MS,Amsterdam
Admiraal De Ruijterweg,286,"",3,1055MS,Amsterdam
Admiraal De Ruijterweg,286,"",4,1055MS,Amsterdam
Admiraal De Ruijterweg,286,"",H,1055MS,Amsterdam
Admiraal De Ruijterweg,288,"",1,1055MS,Amsterdam
Admiraal De Ruijterweg,288,"",2,1055MS,Amsterdam
Admiraal De Ruijterweg,288,"",3,1055MS,Amsterdam
Admiraal De Ruijterweg,288,"",H,1055MS,Amsterdam
Admiraal De Ruijterweg,290,"",1,1055MS,Amsterdam
Admiraal De Ruijterweg,290,"",2,1055MS,Amsterdam
Admiraal De Ruijterweg,290,"",3,1055MS,Amsterdam
Admiraal De Ruijterweg,290,"",H,1055MS,Amsterdam
Admiraal De Ruijterweg,292,"",1,1055MS,Amsterdam
Admiraal De Ruijterweg,292,"",2,1055MS,Amsterdam
Admiraal De Ruijterweg,292,"",3,1055MS,Amsterdam
Admiraal De Ruijterweg,292,"",H,1055MS,Amsterdam
Admiraal De Ruijterweg,294,"",1,1055MS,Amsterdam
Admiraal De Ruijterweg,294,"",2,1055MS,Amsterdam
Admiraal De Ruijterweg,294,"",3,1055MS,Amsterdam
Admiraal De Ruijterweg,294,"",H,1055MS,Amsterdam
Admiraal De Ruijterweg,296,"",1,1055MS,Amsterdam
Admiraal De Ruijterweg,296,"",2,1055MS,Amsterdam
Admiraal De Ruijterweg,296,"",3,1055MS,Amsterdam
Admiraal De Ruijterweg,296,"",H,1055MS,Amsterdam
Admiraal De Ruijterweg,298,"",1,1055MT,Amsterdam
Admiraal De Ruijterweg,298,"",2,1055MT,Amsterdam
Admiraal De Ruijterweg,298,"",3,1055MT,Amsterdam
Admiraal De Ruijterweg,298,"",H,1055MT,Amsterdam
Admiraal De Ruijterweg,300,"",1,1055MT,Amsterdam
Admiraal De Ruijterweg,300,"",2,1055MT,Amsterdam
Admiraal De Ruijterweg,300,"",3,1055MT,Amsterdam
Admiraal De Ruijterweg,300,"",H,1055MT,Amsterdam
Admiraal De Ruijterweg,302,"",1,1055MT,Amsterdam
Admiraal De Ruijterweg,302,"",2,1055MT,Amsterdam
Admiraal De Ruijterweg,302,"",3,1055MT,Amsterdam
Admiraal De Ruijterweg,302,"",H,1055MT,Amsterdam
Admiraal De Ruijterweg,304,"",1,1055MT,Amsterdam
Admiraal De Ruijterweg,304,"",2,1055MT,Amsterdam
Admiraal De Ruijterweg,304,"",3,1055MT,Amsterdam
Admiraal De Ruijterweg,304,"",H,1055MT,Amsterdam
Admiraal De Ruijterweg,306,"",1,1055MT,Amsterdam
Admiraal De Ruijterweg,306,"",2,1055MT,Amsterdam
Admiraal De Ruijterweg,306,"",3,1055MT,Amsterdam
Admiraal De Ruijterweg,306,"",H,1055MT,Amsterdam
Admiraal De Ruijterweg,308,"",1,1055MT,Amsterdam
Admiraal De Ruijterweg,308,"",2,1055MT,Amsterdam
Admiraal De Ruijterweg,308,"",3,1055MT,Amsterdam
Admiraal De Ruijterweg,308,"",H,1055MT,Amsterdam
Admiraal De Ruijterweg,310,"",1,1055MV,Amsterdam
Admiraal De Ruijterweg,310,"",2,1055MV,Amsterdam
Admiraal De Ruijterweg,310,"",3,1055MV,Amsterdam
Admiraal De Ruijterweg,310,"",H,1055MV,Amsterdam
Admiraal De Ruijterweg,312,"",1,1055MV,Amsterdam
Admiraal De Ruijterweg,312,"",2,1055MV,Amsterdam
Admiraal De Ruijterweg,312,"",3,1055MV,Amsterdam
Admiraal De Ruijterweg,312,"",H,1055MV,Amsterdam
Admiraal De Ruijterweg,314,"",1,1055MV,Amsterdam
Admiraal De Ruijterweg,314,"",2,1055MV,Amsterdam
Admiraal De Ruijterweg,314,"",3,1055MV,Amsterdam
Admiraal De Ruijterweg,314,"",H,1055MV,Amsterdam
Admiraal De Ruijterweg,316,A,"",1055MV,Amsterdam
Admiraal De Ruijterweg,316,B,"",1055MV,Amsterdam
Admiraal De Ruijterweg,316,C,"",1055MV,Amsterdam
Admiraal De Ruijterweg,316,D,"",1055MV,Amsterdam
Admiraal De Ruijterweg,316,E,"",1055MV,Amsterdam
Admiraal De Ruijterweg,318,A,"",1055MX,Amsterdam
Admiraal De Ruijterweg,318,B,"",1055MX,Amsterdam
Admiraal De Ruijterweg,318,C,"",1055MX,Amsterdam
Admiraal De Ruijterweg,318,D,"",1055MX,Amsterdam
Admiraal De Ruijterweg,318,E,"",1055MX,Amsterdam
Admiraal De Ruijterweg,320,"",1,1055MX,Amsterdam
Admiraal De Ruijterweg,320,"",2,1055MX,Amsterdam
Admiraal De Ruijterweg,320,"",3,1055MX,Amsterdam
Admiraal De Ruijterweg,320,"",H,1055MX,Amsterdam
Admiraal De Ruijterweg,322,"",1,1055MX,Amsterdam
Admiraal De Ruijterweg,322,"",2,1055MX,Amsterdam
Admiraal De Ruijterweg,322,"",3,1055MX,Amsterdam
Admiraal De Ruijterweg,322,"",H,1055MX,Amsterdam
Admiraal De Ruijterweg,324,"",1,1055MX,Amsterdam
Admiraal De Ruijterweg,324,"",2,1055MX,Amsterdam
Admiraal De Ruijterweg,324,"",3,1055MX,Amsterdam
Admiraal De Ruijterweg,324,"",H,1055MX,Amsterdam
Admiraal De Ruijterweg,326,"",1,1055MX,Amsterdam
Admiraal De Ruijterweg,326,"",2,1055MX,Amsterdam
Admiraal De Ruijterweg,326,"",3,1055MX,Amsterdam
Admiraal De Ruijterweg,328,"","",1055MX,Amsterdam
Willem de Zwijgerlaan,279,"",1,1055PZ,Amsterdam
Willem de Zwijgerlaan,279,"",2,1055PZ,Amsterdam
Willem de Zwijgerlaan,279,"",3,1055PZ,Amsterdam
Willem de Zwijgerlaan,279,"",H,1055PZ,Amsterdam
Willem de Zwijgerlaan,279,A,"",1055PZ,Amsterdam
Willem de Zwijgerlaan,279,B,"",1055PZ,Amsterdam
Willem de Zwijgerlaan,279,C,"",1055PZ,Amsterdam
Willem de Zwijgerlaan,279,D,"",1055PZ,Amsterdam
Willem de Zwijgerlaan,279,E,"",1055PZ,Amsterdam
Willem de Zwijgerlaan,281,"",1,1055PZ,Amsterdam
Willem de Zwijgerlaan,281,"",2,1055PZ,Amsterdam
Willem de Zwijgerlaan,281,"",3,1055PZ,Amsterdam
Willem de Zwijgerlaan,281,"",H,1055PZ,Amsterdam
Willem de Zwijgerlaan,283,"","",1055PZ,Amsterdam
Willem de Zwijgerlaan,283,"","",1055PZ,Amsterdam
Willem de Zwijgerlaan,283,"","",1055PZ,Amsterdam
Willem de Zwijgerlaan,307,"",1,1055PZ,Amsterdam
Willem de Zwijgerlaan,307,"",2,1055PZ,Amsterdam
Willem de Zwijgerlaan,307,"",3,1055PZ,Amsterdam
Willem de Zwijgerlaan,307,"",H,1055PZ,Amsterdam
Willem de Zwijgerlaan,309,"",1,1055PZ,Amsterdam
Willem de Zwijgerlaan,309,"",2,1055PZ,Amsterdam
Willem de Zwijgerlaan,309,"",3,1055PZ,Amsterdam
Willem de Zwijgerlaan,309,"",H,1055PZ,Amsterdam
Willem de Zwijgerlaan,311,"",1,1055PZ,Amsterdam
Willem de Zwijgerlaan,311,"",2,1055PZ,Amsterdam
Willem de Zwijgerlaan,311,"",3,1055PZ,Amsterdam
Willem de Zwijgerlaan,311,"",H,1055PZ,Amsterdam
Willem de Zwijgerlaan,313,"",1,1055PZ,Amsterdam
Willem de Zwijgerlaan,313,"",2,1055PZ,Amsterdam
Willem de Zwijgerlaan,313,"",3,1055PZ,Amsterdam
Willem de Zwijgerlaan,313,"",H,1055PZ,Amsterdam
Willem de Zwijgerlaan,315,"",1,1055RA,Amsterdam
Willem de Zwijgerlaan,315,"",2,1055RA,Amsterdam
Willem de Zwijgerlaan,315,"",3,1055RA,Amsterdam
Willem de Zwijgerlaan,315,"",H,1055RA,Amsterdam
Willem de Zwijgerlaan,317,"","",1055RA,Amsterdam
Willem de Zwijgerlaan,317,"","",1055RA,Amsterdam
Willem de Zwijgerlaan,317,"","",1055RA,Amsterdam
Willem de Zwijgerlaan,319,"",1,1055RA,Amsterdam
Willem de Zwijgerlaan,319,"",2,1055RA,Amsterdam
Willem de Zwijgerlaan,319,"",3,1055RA,Amsterdam
Willem de Zwijgerlaan,319,"",H,1055RA,Amsterdam
Willem de Zwijgerlaan,321,"",1,1055RA,Amsterdam
Willem de Zwijgerlaan,321,"",2,1055RA,Amsterdam
Willem de Zwijgerlaan,321,"",3,1055RA,Amsterdam
Willem de Zwijgerlaan,323,"",1,1055RA,Amsterdam
Willem de Zwijgerlaan,323,"",2,1055RA,Amsterdam
Willem de Zwijgerlaan,323,"",3,1055RA,Amsterdam
Willem de Zwijgerlaan,325,"",1,1055RA,Amsterdam
Willem de Zwijgerlaan,325,"",2,1055RA,Amsterdam
Willem de Zwijgerlaan,325,"",3,1055RA,Amsterdam
Willem de Zwijgerlaan,325,"",H,1055RA,Amsterdam
Willem de Zwijgerlaan,327,"","",1055RA,Amsterdam
Willem de Zwijgerlaan,329,"","",1055RA,Amsterdam
Willem de Zwijgerlaan,331,"","",1055RA,Amsterdam
Willem de Zwijgerlaan,331,"","",1055RA,Amsterdam
Willem de Zwijgerlaan,333,"","",1055RB,Amsterdam
Willem de Zwijgerlaan,335,"",1,1055RB,Amsterdam
Willem de Zwijgerlaan,335,"",2,1055RB,Amsterdam
Willem de Zwijgerlaan,335,"",3,1055RB,Amsterdam
Willem de Zwijgerlaan,337,"",1,1055RB,Amsterdam
Willem de Zwijgerlaan,337,"",2,1055RB,Amsterdam
Willem de Zwijgerlaan,337,"",3,1055RB,Amsterdam
Willem de Zwijgerlaan,339,"","",1055RB,Amsterdam
Willem de Zwijgerlaan,341,"",1,1055RB,Amsterdam
Willem de Zwijgerlaan,341,"",2,1055RB,Amsterdam
Willem de Zwijgerlaan,341,"",3,1055RB,Amsterdam
Willem de Zwijgerlaan,341,"",H,1055RB,Amsterdam
Willem de Zwijgerlaan,343,"",1,1055RB,Amsterdam
Willem de Zwijgerlaan,343,"",2,1055RB,Amsterdam
Willem de Zwijgerlaan,343,"",3,1055RB,Amsterdam
Willem de Zwijgerlaan,343,"",H,1055RB,Amsterdam
Willem de Zwijgerlaan,345,"",1,1055RB,Amsterdam
Willem de Zwijgerlaan,345,"",2,1055RB,Amsterdam
Willem de Zwijgerlaan,345,"",3,1055RB,Amsterdam
Willem de Zwijgerlaan,345,"",H,1055RB,Amsterdam
Willem de Zwijgerlaan,347,"",1,1055RB,Amsterdam
Willem de Zwijgerlaan,347,"",2,1055RB,Amsterdam
Willem de Zwijgerlaan,347,"",3,1055RB,Amsterdam
Willem de Zwijgerlaan,347,"",H,1055RB,Amsterdam
Willem de Zwijgerlaan,349,"",1,1055RB,Amsterdam
Willem de Zwijgerlaan,349,"",2,1055RB,Amsterdam
Willem de Zwijgerlaan,349,"",3,1055RB,Amsterdam
Willem de Zwijgerlaan,349,"",H,1055RB,Amsterdam
Willem de Zwijgerlaan,351,"",1,1055RB,Amsterdam
Willem de Zwijgerlaan,351,"",2,1055RB,Amsterdam
Willem de Zwijgerlaan,351,"",3,1055RB,Amsterdam
Willem de Zwijgerlaan,351,"",H,1055RB,Amsterdam
Willem de Zwijgerlaan,353,"",1,1055RB,Amsterdam
Willem de Zwijgerlaan,353,"",2,1055RB,Amsterdam
Willem de Zwijgerlaan,353,"",3,1055RB,Amsterdam
Willem de Zwijgerlaan,353,"",H,1055RB,Amsterdam
Willem de Zwijgerlaan,355,"",1,1055RB,Amsterdam
Willem de Zwijgerlaan,355,"",2,1055RB,Amsterdam
Willem de Zwijgerlaan,355,"",3,1055RB,Amsterdam
Willem de Zwijgerlaan,355,"",H,1055RB,Amsterdam
Willem de Zwijgerlaan,357,"",1,1055RB,Amsterdam
Willem de Zwijgerlaan,357,"",2,1055RB,Amsterdam
Willem de Zwijgerlaan,357,"",3,1055RB,Amsterdam
Willem de Zwijgerlaan,357,"",H,1055RB,Amsterdam
Willem de Zwijgerlaan,359,"",1,1055RC,Amsterdam
Willem de Zwijgerlaan,359,"",2,1055RC,Amsterdam
Willem de Zwijgerlaan,359,"",3,1055RC,Amsterdam
Willem de Zwijgerlaan,359,"",H,1055RC,Amsterdam
Willem de Zwijgerlaan,361,"",1,1055RC,Amsterdam
Willem de Zwijgerlaan,361,"",2,1055RC,Amsterdam
Willem de Zwijgerlaan,361,"",3,1055RC,Amsterdam
Willem de Zwijgerlaan,361,"",H,1055RC,Amsterdam
Willem de Zwijgerlaan,363,"",1,1055RC,Amsterdam
Willem de Zwijgerlaan,363,"",2,1055RC,Amsterdam
Willem de Zwijgerlaan,363,"",3,1055RC,Amsterdam
Willem de Zwijgerlaan,363,"",H,1055RC,Amsterdam
Willem de Zwijgerlaan,365,"",1,1055RC,Amsterdam
Willem de Zwijgerlaan,365,"",2,1055RC,Amsterdam
Willem de Zwijgerlaan,365,"",3,1055RC,Amsterdam
Willem de Zwijgerlaan,365,"",H,1055RC,Amsterdam
Willem de Zwijgerlaan,367,"",1,1055RC,Amsterdam
Willem de Zwijgerlaan,367,"",2,1055RC,Amsterdam
Willem de Zwijgerlaan,367,"",3,1055RC,Amsterdam
Willem de Zwijgerlaan,367,"",H,1055RC,Amsterdam
Willem de Zwijgerlaan,367,"",H,1055RC,Amsterdam
Willem de Zwijgerlaan,369,"",1,1055RC,Amsterdam
Willem de Zwijgerlaan,369,"",2,1055RC,Amsterdam
Willem de Zwijgerlaan,369,"",3,1055RC,Amsterdam
Willem de Zwijgerlaan,369,"",H,1055RC,Amsterdam
Willem de Zwijgerlaan,371,"",1,1055RC,Amsterdam
Willem de Zwijgerlaan,371,"",2,1055RC,Amsterdam
Willem de Zwijgerlaan,371,"",3,1055RC,Amsterdam
Willem de Zwijgerlaan,371,"",H,1055RC,Amsterdam
Willem de Zwijgerlaan,373,"","",1055RC,Amsterdam
Willem de Zwijgerlaan,373,"","",1055RC,Amsterdam
Willem de Zwijgerlaan,373,"","",1055RC,Amsterdam
Willem de Zwijgerlaan,375,"",1,1055RC,Amsterdam
Willem de Zwijgerlaan,375,"",2,1055RC,Amsterdam
Willem de Zwijgerlaan,375,"",3,1055RC,Amsterdam
Willem de Zwijgerlaan,375,"",4,1055RC,Amsterdam
Willem de Zwijgerlaan,377,"",1,1055RC,Amsterdam
Willem de Zwijgerlaan,377,"",2,1055RC,Amsterdam
Willem de Zwijgerlaan,377,"",3,1055RC,Amsterdam
Juliana van Stolbergstraat,1,"",1,1055RG,Amsterdam
Juliana van Stolbergstraat,1,"",2,1055RG,Amsterdam
Juliana van Stolbergstraat,1,"",3,1055RG,Amsterdam
Juliana van Stolbergstraat,1,"",H,1055RG,Amsterdam
Juliana van Stolbergstraat,1,"",H,1055RG,Amsterdam
Juliana van Stolbergstraat,11,"",1,1055RG,Amsterdam
Juliana van Stolbergstraat,11,"",2,1055RG,Amsterdam
Juliana van Stolbergstraat,11,"",3,1055RG,Amsterdam
Juliana van Stolbergstraat,11,"",H,1055RG,Amsterdam
Juliana van Stolbergstraat,3,"",1,1055RG,Amsterdam
Juliana van Stolbergstraat,3,"",2,1055RG,Amsterdam
Juliana van Stolbergstraat,3,"",3,1055RG,Amsterdam
Juliana van Stolbergstraat,5,"",1,1055RG,Amsterdam
Juliana van Stolbergstraat,5,"",2,1055RG,Amsterdam
Juliana van Stolbergstraat,5,"",3,1055RG,Amsterdam
Juliana van Stolbergstraat,7,"",1,1055RG,Amsterdam
Juliana van Stolbergstraat,7,"",2,1055RG,Amsterdam
Juliana van Stolbergstraat,7,"",3,1055RG,Amsterdam
Juliana van Stolbergstraat,7,"",H,1055RG,Amsterdam
Juliana van Stolbergstraat,9,"",1,1055RG,Amsterdam
Juliana van Stolbergstraat,9,"",2,1055RG,Amsterdam
Juliana van Stolbergstraat,9,"",3,1055RG,Amsterdam
Juliana van Stolbergstraat,9,"",H,1055RG,Amsterdam
Juliana van Stolbergstraat,13,"",1,1055RH,Amsterdam
Juliana van Stolbergstraat,13,"",2,1055RH,Amsterdam
Juliana van Stolbergstraat,13,"",3,1055RH,Amsterdam
Juliana van Stolbergstraat,13,"",H,1055RH,Amsterdam
Juliana van Stolbergstraat,15,"",1,1055RH,Amsterdam
Juliana van Stolbergstraat,15,"",2,1055RH,Amsterdam
Juliana van Stolbergstraat,15,"",3,1055RH,Amsterdam
Juliana van Stolbergstraat,15,"",H,1055RH,Amsterdam
Juliana van Stolbergstraat,17,"",1,1055RH,Amsterdam
Juliana van Stolbergstraat,17,"",2,1055RH,Amsterdam
Juliana van Stolbergstraat,17,"",3,1055RH,Amsterdam
Juliana van Stolbergstraat,17,"",H,1055RH,Amsterdam
Juliana van Stolbergstraat,19,"",1,1055RH,Amsterdam
Juliana van Stolbergstraat,19,"",2,1055RH,Amsterdam
Juliana van Stolbergstraat,19,"",3,1055RH,Amsterdam
Juliana van Stolbergstraat,19,"",H,1055RH,Amsterdam
Juliana van Stolbergstraat,21,"",1,1055RH,Amsterdam
Juliana van Stolbergstraat,21,"",2,1055RH,Amsterdam
Juliana van Stolbergstraat,21,"",3,1055RH,Amsterdam
Juliana van Stolbergstraat,21,"",H,1055RH,Amsterdam
Juliana van Stolbergstraat,23,"",1,1055RH,Amsterdam
Juliana van Stolbergstraat,23,"",2,1055RH,Amsterdam
Juliana van Stolbergstraat,23,"",3,1055RH,Amsterdam
Juliana van Stolbergstraat,23,"",H,1055RH,Amsterdam
Juliana van Stolbergstraat,25,"",1,1055RJ,Amsterdam
Juliana van Stolbergstraat,25,"",2,1055RJ,Amsterdam
Juliana van Stolbergstraat,25,"",3,1055RJ,Amsterdam
Juliana van Stolbergstraat,25,"",H,1055RJ,Amsterdam
Juliana van Stolbergstraat,27,"",1,1055RJ,Amsterdam
Juliana van Stolbergstraat,27,"",2,1055RJ,Amsterdam
Juliana van Stolbergstraat,27,"",3,1055RJ,Amsterdam
Juliana van Stolbergstraat,27,"",H,1055RJ,Amsterdam
Juliana van Stolbergstraat,29,"",1,1055RJ,Amsterdam
Juliana van Stolbergstraat,29,"",2,1055RJ,Amsterdam
Juliana van Stolbergstraat,29,"",3,1055RJ,Amsterdam
Juliana van Stolbergstraat,29,"",H,1055RJ,Amsterdam
Juliana van Stolbergstraat,31,"",1,1055RJ,Amsterdam
Juliana van Stolbergstraat,31,"",2,1055RJ,Amsterdam
Juliana van Stolbergstraat,31,"",3,1055RJ,Amsterdam
Juliana van Stolbergstraat,31,"",H,1055RJ,Amsterdam
Juliana van Stolbergstraat,33,"",1,1055RJ,Amsterdam
Juliana van Stolbergstraat,33,"",2,1055RJ,Amsterdam
Juliana van Stolbergstraat,33,"",3,1055RJ,Amsterdam
Juliana van Stolbergstraat,33,"",H,1055RJ,Amsterdam
Juliana van Stolbergstraat,35,"",1,1055RJ,Amsterdam
Juliana van Stolbergstraat,35,"",2,1055RJ,Amsterdam
Juliana van Stolbergstraat,35,"",3,1055RJ,Amsterdam
Juliana van Stolbergstraat,35,"",H,1055RJ,Amsterdam
Juliana van Stolbergstraat,37,"",1,1055RK,Amsterdam
Juliana van Stolbergstraat,37,"",2,1055RK,Amsterdam
Juliana van Stolbergstraat,37,"",3,1055RK,Amsterdam
Juliana van Stolbergstraat,37,"",H,1055RK,Amsterdam
Juliana van Stolbergstraat,39,"",1,1055RK,Amsterdam
Juliana van Stolbergstraat,39,"",2,1055RK,Amsterdam
Juliana van Stolbergstraat,39,"",3,1055RK,Amsterdam
Juliana van Stolbergstraat,39,"",H,1055RK,Amsterdam
Juliana van Stolbergstraat,41,"",1,1055RK,Amsterdam
Juliana van Stolbergstraat,41,"",2,1055RK,Amsterdam
Juliana van Stolbergstraat,41,"",3,1055RK,Amsterdam
Juliana van Stolbergstraat,41,"",H,1055RK,Amsterdam
Juliana van Stolbergstraat,43,"",1,1055RK,Amsterdam
Juliana van Stolbergstraat,43,"",2,1055RK,Amsterdam
Juliana van Stolbergstraat,43,"",3,1055RK,Amsterdam
Juliana van Stolbergstraat,43,"",H,1055RK,Amsterdam
Juliana van Stolbergstraat,45,"",1,1055RL,Amsterdam
Juliana van Stolbergstraat,45,"",2,1055RL,Amsterdam
Juliana van Stolbergstraat,45,"",3,1055RL,Amsterdam
Juliana van Stolbergstraat,45,"",H,1055RL,Amsterdam
Juliana van Stolbergstraat,47,"",1,1055RL,Amsterdam
Juliana van Stolbergstraat,47,"",2,1055RL,Amsterdam
Juliana van Stolbergstraat,47,"",3,1055RL,Amsterdam
Juliana van Stolbergstraat,47,"",H,1055RL,Amsterdam
Juliana van Stolbergstraat,49,"",1,1055RL,Amsterdam
Juliana van Stolbergstraat,49,"",2,1055RL,Amsterdam
Juliana van Stolbergstraat,49,"",3,1055RL,Amsterdam
Juliana van Stolbergstraat,49,"",H,1055RL,Amsterdam
Juliana van Stolbergstraat,51,"",1,1055RL,Amsterdam
Juliana van Stolbergstraat,51,"",2,1055RL,Amsterdam
Juliana van Stolbergstraat,51,"",3,1055RL,Amsterdam
Juliana van Stolbergstraat,51,"",H,1055RL,Amsterdam
Juliana van Stolbergstraat,10,"",1,1055RM,Amsterdam
Juliana van Stolbergstraat,10,"",2,1055RM,Amsterdam
Juliana van Stolbergstraat,10,"",3,1055RM,Amsterdam
Juliana van Stolbergstraat,10,"",H,1055RM,Amsterdam
Juliana van Stolbergstraat,12,"",1,1055RM,Amsterdam
Juliana van Stolbergstraat,12,"",2,1055RM,Amsterdam
Juliana van Stolbergstraat,12,"",H,1055RM,Amsterdam
Juliana van Stolbergstraat,14,"",1,1055RM,Amsterdam
Juliana van Stolbergstraat,14,"",2,1055RM,Amsterdam
Juliana van Stolbergstraat,14,"",H,1055RM,Amsterdam
Juliana van Stolbergstraat,16,"",1,1055RM,Amsterdam
Juliana van Stolbergstraat,16,"",2,1055RM,Amsterdam
Juliana van Stolbergstraat,16,"",H,1055RM,Amsterdam
Juliana van Stolbergstraat,18,"",1,1055RM,Amsterdam
Juliana van Stolbergstraat,18,"",2,1055RM,Amsterdam
Juliana van Stolbergstraat,18,"",H,1055RM,Amsterdam
Juliana van Stolbergstraat,20,A,"",1055RM,Amsterdam
Juliana van Stolbergstraat,20,B,"",1055RM,Amsterdam
Juliana van Stolbergstraat,20,C,"",1055RM,Amsterdam
Juliana van Stolbergstraat,20,D,"",1055RM,Amsterdam
Juliana van Stolbergstraat,20,E,"",1055RM,Amsterdam
Juliana van Stolbergstraat,20,F,"",1055RM,Amsterdam
Juliana van Stolbergstraat,20,G,"",1055RM,Amsterdam
Juliana van Stolbergstraat,20,H,"",1055RM,Amsterdam
Juliana van Stolbergstraat,20,K,"",1055RM,Amsterdam
Juliana van Stolbergstraat,20,L,"",1055RM,Amsterdam
Juliana van Stolbergstraat,20,M,"",1055RM,Amsterdam
Juliana van Stolbergstraat,20,N,"",1055RM,Amsterdam
Juliana van Stolbergstraat,20,P,"",1055RM,Amsterdam
Juliana van Stolbergstraat,22,A,"",1055RM,Amsterdam
Juliana van Stolbergstraat,22,B,"",1055RM,Amsterdam
Juliana van Stolbergstraat,22,C,"",1055RM,Amsterdam
Juliana van Stolbergstraat,22,D,"",1055RM,Amsterdam
Juliana van Stolbergstraat,22,E,"",1055RM,Amsterdam
Juliana van Stolbergstraat,22,F,"",1055RM,Amsterdam
Juliana van Stolbergstraat,22,G,"",1055RM,Amsterdam
Juliana van Stolbergstraat,22,H,"",1055RM,Amsterdam
Juliana van Stolbergstraat,22,K,"",1055RM,Amsterdam
Juliana van Stolbergstraat,22,L,"",1055RM,Amsterdam
Juliana van Stolbergstraat,24,"",1,1055RM,Amsterdam
Juliana van Stolbergstraat,24,"",2,1055RM,Amsterdam
Juliana van Stolbergstraat,24,"",H,1055RM,Amsterdam
Juliana van Stolbergstraat,26,"",1,1055RM,Amsterdam
Juliana van Stolbergstraat,26,"",2,1055RM,Amsterdam
Juliana van Stolbergstraat,26,"",H,1055RM,Amsterdam
Juliana van Stolbergstraat,28,"",1,1055RM,Amsterdam
Juliana van Stolbergstraat,28,"",2,1055RM,Amsterdam
Juliana van Stolbergstraat,28,"",H,1055RM,Amsterdam
Juliana van Stolbergstraat,30,"",1,1055RM,Amsterdam
Juliana van Stolbergstraat,30,"",2,1055RM,Amsterdam
Juliana van Stolbergstraat,30,"",H,1055RM,Amsterdam
Juliana van Stolbergstraat,4,"",1,1055RM,Amsterdam
Juliana van Stolbergstraat,4,"",2,1055RM,Amsterdam
Juliana van Stolbergstraat,4,"",3,1055RM,Amsterdam
Juliana van Stolbergstraat,4,"",H,1055RM,Amsterdam
Juliana van Stolbergstraat,6,"",1,1055RM,Amsterdam
Juliana van Stolbergstraat,6,"",2,1055RM,Amsterdam
Juliana van Stolbergstraat,6,"",3,1055RM,Amsterdam
Juliana van Stolbergstraat,6,"",H,1055RM,Amsterdam
Juliana van Stolbergstraat,8,"",1,1055RM,Amsterdam
Juliana van Stolbergstraat,8,"",2,1055RM,Amsterdam
Juliana van Stolbergstraat,8,"",3,1055RM,Amsterdam
Juliana van Stolbergstraat,8,"",H,1055RM,Amsterdam
Juliana van Stolbergstraat,32,"",1,1055RN,Amsterdam
Juliana van Stolbergstraat,32,"",2,1055RN,Amsterdam
Juliana van Stolbergstraat,32,"",3,1055RN,Amsterdam
Juliana van Stolbergstraat,32,"",H,1055RN,Amsterdam
Juliana van Stolbergstraat,34,"",1,1055RN,Amsterdam
Juliana van Stolbergstraat,34,"",2,1055RN,Amsterdam
Juliana van Stolbergstraat,34,"",3,1055RN,Amsterdam
Juliana van Stolbergstraat,34,"",H,1055RN,Amsterdam
Juliana van Stolbergstraat,36,"","",1055RN,Amsterdam
Juliana van Stolbergstraat,38,"",1,1055RN,Amsterdam
Juliana van Stolbergstraat,38,"",2,1055RN,Amsterdam
Juliana van Stolbergstraat,38,"",3,1055RN,Amsterdam
Juliana van Stolbergstraat,38,"",H,1055RN,Amsterdam
Juliana van Stolbergstraat,40,"",1,1055RN,Amsterdam
Juliana van Stolbergstraat,40,"",2,1055RN,Amsterdam
Juliana van Stolbergstraat,40,"",3,1055RN,Amsterdam
Juliana van Stolbergstraat,40,"",H,1055RN,Amsterdam
Juliana van Stolbergstraat,42,"",1,1055RN,Amsterdam
Juliana van Stolbergstraat,42,"",2,1055RN,Amsterdam
Juliana van Stolbergstraat,42,"",3,1055RN,Amsterdam
Juliana van Stolbergstraat,42,"",H,1055RN,Amsterdam
Juliana van Stolbergstraat,44,"",1,1055RN,Amsterdam
Juliana van Stolbergstraat,44,"",2,1055RN,Amsterdam
Juliana van Stolbergstraat,44,"",3,1055RN,Amsterdam
Juliana van Stolbergstraat,44,"",H,1055RN,Amsterdam
Juliana van Stolbergstraat,46,"",1,1055RN,Amsterdam
Juliana van Stolbergstraat,46,"",2,1055RN,Amsterdam
Juliana van Stolbergstraat,46,"",3,1055RN,Amsterdam
Juliana van Stolbergstraat,46,"",H,1055RN,Amsterdam
Juliana van Stolbergstraat,48,"",1,1055RN,Amsterdam
Juliana van Stolbergstraat,48,"",2,1055RN,Amsterdam
Juliana van Stolbergstraat,48,"",3,1055RN,Amsterdam
Juliana van Stolbergstraat,48,"",H,1055RN,Amsterdam
Juliana van Stolbergstraat,50,"",1,1055RN,Amsterdam
Juliana van Stolbergstraat,50,"",2,1055RN,Amsterdam
Juliana van Stolbergstraat,50,"",3,1055RN,Amsterdam
Juliana van Stolbergstraat,50,"",H,1055RN,Amsterdam
Juliana van Stolbergstraat,52,"",1,1055RN,Amsterdam
Juliana van Stolbergstraat,52,"",2,1055RN,Amsterdam
Juliana van Stolbergstraat,52,"",3,1055RN,Amsterdam
Juliana van Stolbergstraat,52,"",H,1055RN,Amsterdam
Juliana van Stolbergstraat,54,"",1,1055RN,Amsterdam
Juliana van Stolbergstraat,54,"",2,1055RN,Amsterdam
Juliana van Stolbergstraat,54,"",3,1055RN,Amsterdam
Juliana van Stolbergstraat,54,"",H,1055RN,Amsterdam
Juliana van Stolbergstraat,56,"",1,1055RN,Amsterdam
Juliana van Stolbergstraat,56,"",2,1055RN,Amsterdam
Juliana van Stolbergstraat,56,"",3,1055RN,Amsterdam
Juliana van Stolbergstraat,56,"",H,1055RN,Amsterdam
Juliana van Stolbergstraat,58,"","",1055RN,Amsterdam
Juliana van Stolbergstraat,60,"",1,1055RN,Amsterdam
Juliana van Stolbergstraat,60,"",2,1055RN,Amsterdam
Juliana van Stolbergstraat,60,"",3,1055RN,Amsterdam
Bestevâerstraat,209,"",1,1055TM,Amsterdam
Bestevâerstraat,209,"",2,1055TM,Amsterdam
Bestevâerstraat,209,"",3,1055TM,Amsterdam
Bestevâerstraat,209,"",H,1055TM,Amsterdam
Bestevâerstraat,211,"",1,1055TM,Amsterdam
Bestevâerstraat,211,"",2,1055TM,Amsterdam
Bestevâerstraat,211,"",3,1055TM,Amsterdam
Bestevâerstraat,211,"",H,1055TM,Amsterdam
Bestevâerstraat,213,"",1,1055TM,Amsterdam
Bestevâerstraat,213,"",2,1055TM,Amsterdam
Bestevâerstraat,213,"",3,1055TM,Amsterdam
Bestevâerstraat,215,"",1,1055TM,Amsterdam
Bestevâerstraat,215,"",2,1055TM,Amsterdam
Bestevâerstraat,215,"",3,1055TM,Amsterdam
Bestevâerstraat,215,"",4,1055TM,Amsterdam
Bestevâerstraat,215,"",H,1055TM,Amsterdam
Bestevâerstraat,215,"",H,1055TM,Amsterdam
Bestevâerstraat,215,"",H,1055TM,Amsterdam
Bestevâerstraat,217,"",1,1055TM,Amsterdam
Bestevâerstraat,217,"",2,1055TM,Amsterdam
Bestevâerstraat,217,"",H,1055TM,Amsterdam
Bestevâerstraat,219,"",1,1055TM,Amsterdam
Bestevâerstraat,219,"",2,1055TM,Amsterdam
Bestevâerstraat,219,"",3,1055TM,Amsterdam
Bestevâerstraat,219,"",H,1055TM,Amsterdam
Bestevâerstraat,221,"",1,1055TM,Amsterdam
Bestevâerstraat,221,"",2,1055TM,Amsterdam
Bestevâerstraat,221,"",3,1055TM,Amsterdam
Bestevâerstraat,221,"",H,1055TM,Amsterdam
Bestevâerstraat,223,"",1,1055TM,Amsterdam
Bestevâerstraat,223,"",2,1055TM,Amsterdam
Bestevâerstraat,223,"",3,1055TM,Amsterdam
Bestevâerstraat,223,"",H,1055TM,Amsterdam
Bestevâerstraat,225,"",1,1055TM,Amsterdam
Bestevâerstraat,225,"",2,1055TM,Amsterdam
Bestevâerstraat,225,"",3,1055TM,Amsterdam
Bestevâerstraat,225,"",H,1055TM,Amsterdam
Bestevâerstraat,227,"",1,1055TM,Amsterdam
Bestevâerstraat,227,"",2,1055TM,Amsterdam
Bestevâerstraat,227,"",H,1055TM,Amsterdam
Bestevâerstraat,229,"",1,1055TM,Amsterdam
Bestevâerstraat,229,"",2,1055TM,Amsterdam
Bestevâerstraat,229,"",H,1055TM,Amsterdam
Bestevâerstraat,231,"",1,1055TM,Amsterdam
Bestevâerstraat,231,"",2,1055TM,Amsterdam
Bestevâerstraat,231,"",H,1055TM,Amsterdam
Bestevâerstraat,233,"",1,1055TN,Amsterdam
Bestevâerstraat,233,"",2,1055TN,Amsterdam
Bestevâerstraat,233,"",2,1055TN,Amsterdam
Bestevâerstraat,233,"",3,1055TN,Amsterdam
Bestevâerstraat,233,"",H,1055TN,Amsterdam
Bestevâerstraat,235,"",1,1055TN,Amsterdam
Bestevâerstraat,235,"",2,1055TN,Amsterdam
Bestevâerstraat,235,"",H,1055TN,Amsterdam
Bestevâerstraat,237,"",1,1055TN,Amsterdam
Bestevâerstraat,237,"",2,1055TN,Amsterdam
Bestevâerstraat,237,"",H,1055TN,Amsterdam
Bestevâerstraat,239,"",1,1055TN,Amsterdam
Bestevâerstraat,239,"",2,1055TN,Amsterdam
Bestevâerstraat,239,"",3,1055TN,Amsterdam
Bestevâerstraat,239,"",H,1055TN,Amsterdam
Bestevâerstraat,241,"",1,1055TN,Amsterdam
Bestevâerstraat,241,"",2,1055TN,Amsterdam
Bestevâerstraat,241,"",H,1055TN,Amsterdam
Bestevâerstraat,243,"",1,1055TN,Amsterdam
Bestevâerstraat,243,"",2,1055TN,Amsterdam
Bestevâerstraat,243,"",H,1055TN,Amsterdam
Bestevâerstraat,245,"",1,1055TN,Amsterdam
Bestevâerstraat,245,"",2,1055TN,Amsterdam
Bestevâerstraat,245,"",H,1055TN,Amsterdam
Bestevâerstraat,247,"",1,1055TN,Amsterdam
Bestevâerstraat,247,"",2,1055TN,Amsterdam
Bestevâerstraat,247,"",H,1055TN,Amsterdam
Bestevâerstraat,249,"",1,1055TN,Amsterdam
Bestevâerstraat,249,"",2,1055TN,Amsterdam
Bestevâerstraat,249,"",H,1055TN,Amsterdam
Bestevâerstraat,251,"",1,1055TN,Amsterdam
Bestevâerstraat,251,"",2,1055TN,Amsterdam
Bestevâerstraat,251,"",H,1055TN,Amsterdam
Bestevâerstraat,253,"",1,1055TN,Amsterdam
Bestevâerstraat,253,"",2,1055TN,Amsterdam
Bestevâerstraat,253,"",H,1055TN,Amsterdam
Bestevâerstraat,255,"",1,1055TN,Amsterdam
Bestevâerstraat,255,"",2,1055TN,Amsterdam
Bestevâerstraat,255,"",2,1055TN,Amsterdam
Bestevâerstraat,255,"",3,1055TN,Amsterdam
Bestevâerstraat,255,"",H,1055TN,Amsterdam
Bestevâerstraat,257,"",1,1055TP,Amsterdam
Bestevâerstraat,257,"",2,1055TP,Amsterdam
Bestevâerstraat,257,"",H,1055TP,Amsterdam
Bestevâerstraat,259,"",1,1055TP,Amsterdam
Bestevâerstraat,259,"",2,1055TP,Amsterdam
Bestevâerstraat,259,"",3,1055TP,Amsterdam
Bestevâerstraat,259,"",H,1055TP,Amsterdam
Bestevâerstraat,261,A,"",1055TP,Amsterdam
Bestevâerstraat,261,B,"",1055TP,Amsterdam
Bestevâerstraat,263,A,"",1055TP,Amsterdam
Bestevâerstraat,263,B,"",1055TP,Amsterdam
Bestevâerstraat,265,A,"",1055TP,Amsterdam
Bestevâerstraat,265,B,"",1055TP,Amsterdam
Bestevâerstraat,265,C,"",1055TP,Amsterdam
Bestevâerstraat,267,A,"",1055TP,Amsterdam
Bestevâerstraat,267,B,"",1055TP,Amsterdam
Bestevâerstraat,269,A,"",1055TP,Amsterdam
Bestevâerstraat,269,B,"",1055TP,Amsterdam
Bestevâerstraat,271,A,"",1055TP,Amsterdam
Bestevâerstraat,271,B,"",1055TP,Amsterdam
Bestevâerstraat,271,C,"",1055TP,Amsterdam
Bestevâerstraat,273,A,"",1055TP,Amsterdam
Bestevâerstraat,273,B,"",1055TP,Amsterdam
Bestevâerstraat,275,A,"",1055TP,Amsterdam
Bestevâerstraat,275,B,"",1055TP,Amsterdam
Bestevâerstraat,275,C,"",1055TP,Amsterdam
Bestevâerstraat,277,A,"",1055TP,Amsterdam
Bestevâerstraat,277,B,"",1055TP,Amsterdam
Bestevâerstraat,279,"","",1055TP,Amsterdam
Bestevâerstraat,281,"","",1055TP,Amsterdam
Bestevâerstraat,220,"","",1055TT,Amsterdam
Bestevâerstraat,222,"","",1055TT,Amsterdam
Bestevâerstraat,224,"","",1055TT,Amsterdam
Bestevâerstraat,226,"","",1055TT,Amsterdam
Bestevâerstraat,228,"","",1055TT,Amsterdam
Bestevâerstraat,230,"","",1055TT,Amsterdam
Bestevâerstraat,232,"","",1055TT,Amsterdam
Bestevâerstraat,234,"","",1055TT,Amsterdam
Bestevâerstraat,236,"","",1055TT,Amsterdam
Bestevâerstraat,238,"","",1055TT,Amsterdam
Bestevâerstraat,240,"","",1055TT,Amsterdam
Bestevâerstraat,242,"",1,1055TT,Amsterdam
Bestevâerstraat,242,"",2,1055TT,Amsterdam
Bestevâerstraat,244,"",1,1055TT,Amsterdam
Bestevâerstraat,244,"",2,1055TT,Amsterdam
Bestevâerstraat,246,"","",1055TT,Amsterdam
Bestevâerstraat,248,"",1,1055TT,Amsterdam
Bestevâerstraat,248,"",2,1055TT,Amsterdam
Bestevâerstraat,250,"","",1055TT,Amsterdam
Bestevâerstraat,252,"","",1055TT,Amsterdam
Bestevâerstraat,254,"",1,1055TT,Amsterdam
Bestevâerstraat,254,"",2,1055TT,Amsterdam
Bestevâerstraat,256,"",1,1055TT,Amsterdam
Bestevâerstraat,256,"",2,1055TT,Amsterdam
Bestevâerstraat,256,"",3,1055TT,Amsterdam
Bestevâerstraat,258,"","",1055TT,Amsterdam
Karel Doormanstraat,100,"","",1055VG,Amsterdam
Karel Doormanstraat,102,"","",1055VG,Amsterdam
Karel Doormanstraat,104,"",1,1055VG,Amsterdam
Karel Doormanstraat,104,"",2,1055VG,Amsterdam
Karel Doormanstraat,104,"",3,1055VG,Amsterdam
Karel Doormanstraat,104,"",H,1055VG,Amsterdam
Karel Doormanstraat,106,"",1,1055VG,Amsterdam
Karel Doormanstraat,106,"",2,1055VG,Amsterdam
Karel Doormanstraat,106,"",3,1055VG,Amsterdam
Karel Doormanstraat,106,"",H,1055VG,Amsterdam
Karel Doormanstraat,108,"",1,1055VG,Amsterdam
Karel Doormanstraat,108,"",2,1055VG,Amsterdam
Karel Doormanstraat,108,"",3,1055VG,Amsterdam
Karel Doormanstraat,108,"",H,1055VG,Amsterdam
Karel Doormanstraat,110,"","",1055VG,Amsterdam
Karel Doormanstraat,112,A,"",1055VG,Amsterdam
Karel Doormanstraat,112,B,"",1055VG,Amsterdam
Karel Doormanstraat,112,C,"",1055VG,Amsterdam
Karel Doormanstraat,112,D,"",1055VG,Amsterdam
Karel Doormanstraat,112,E,"",1055VG,Amsterdam
Karel Doormanstraat,112,F,"",1055VG,Amsterdam
Karel Doormanstraat,112,G,"",1055VG,Amsterdam
Karel Doormanstraat,112,H,"",1055VG,Amsterdam
Karel Doormanstraat,112,K,"",1055VG,Amsterdam
Karel Doormanstraat,112,L,"",1055VG,Amsterdam
Karel Doormanstraat,112,M,"",1055VG,Amsterdam
Karel Doormanstraat,112,N,"",1055VG,Amsterdam
Karel Doormanstraat,112,P,"",1055VG,Amsterdam
Karel Doormanstraat,112,Q,"",1055VG,Amsterdam
Karel Doormanstraat,112,R,"",1055VG,Amsterdam
Karel Doormanstraat,112,S,"",1055VG,Amsterdam
Karel Doormanstraat,112,T,"",1055VG,Amsterdam
Karel Doormanstraat,114,"",1,1055VG,Amsterdam
Karel Doormanstraat,114,"",2,1055VG,Amsterdam
Karel Doormanstraat,114,"",3,1055VG,Amsterdam
Karel Doormanstraat,114,"",H,1055VG,Amsterdam
Karel Doormanstraat,96,"","",1055VG,Amsterdam
Karel Doormanstraat,98,"","",1055VG,Amsterdam
Karel Doormanstraat,116,"",1,1055VH,Amsterdam
Karel Doormanstraat,116,"",2,1055VH,Amsterdam
Karel Doormanstraat,116,"",3,1055VH,Amsterdam
Karel Doormanstraat,116,"",H,1055VH,Amsterdam
Karel Doormanstraat,118,"",1,1055VH,Amsterdam
Karel Doormanstraat,118,"",2,1055VH,Amsterdam
Karel Doormanstraat,118,"",3,1055VH,Amsterdam
Karel Doormanstraat,118,"",H,1055VH,Amsterdam
Karel Doormanstraat,120,"",1,1055VH,Amsterdam
Karel Doormanstraat,120,"",2,1055VH,Amsterdam
Karel Doormanstraat,120,"",3,1055VH,Amsterdam
Karel Doormanstraat,120,"",H,1055VH,Amsterdam
Karel Doormanstraat,122,"",1,1055VH,Amsterdam
Karel Doormanstraat,122,"",2,1055VH,Amsterdam
Karel Doormanstraat,122,"",3,1055VH,Amsterdam
Karel Doormanstraat,122,"",H,1055VH,Amsterdam
Karel Doormanstraat,124,"",1,1055VH,Amsterdam
Karel Doormanstraat,124,"",2,1055VH,Amsterdam
Karel Doormanstraat,124,"",3,1055VH,Amsterdam
Karel Doormanstraat,124,"",H,1055VH,Amsterdam
Karel Doormanstraat,126,"",1,1055VH,Amsterdam
Karel Doormanstraat,126,"",2,1055VH,Amsterdam
Karel Doormanstraat,126,"",3,1055VH,Amsterdam
Karel Doormanstraat,126,"",H,1055VH,Amsterdam
Karel Doormanstraat,128,"",1,1055VJ,Amsterdam
Karel Doormanstraat,128,"",2,1055VJ,Amsterdam
Karel Doormanstraat,128,"",3,1055VJ,Amsterdam
Karel Doormanstraat,128,"",H,1055VJ,Amsterdam
Karel Doormanstraat,130,"",1,1055VJ,Amsterdam
Karel Doormanstraat,130,"",2,1055VJ,Amsterdam
Karel Doormanstraat,130,"",3,1055VJ,Amsterdam
Karel Doormanstraat,130,"",H,1055VJ,Amsterdam
Karel Doormanstraat,132,"",1,1055VJ,Amsterdam
Karel Doormanstraat,132,"",2,1055VJ,Amsterdam
Karel Doormanstraat,132,"",3,1055VJ,Amsterdam
Karel Doormanstraat,132,"",H,1055VJ,Amsterdam
Karel Doormanstraat,134,"","",1055VJ,Amsterdam
Karel Doormanstraat,136,"","",1055VJ,Amsterdam
Karel Doormanstraat,138,"","",1055VJ,Amsterdam
Karel Doormanstraat,138,"","",1055VJ,Amsterdam
Karel Doormanstraat,140,"",1,1055VJ,Amsterdam
Karel Doormanstraat,140,"",2,1055VJ,Amsterdam
Karel Doormanstraat,140,"",3,1055VJ,Amsterdam
Karel Doormanstraat,140,"",H,1055VJ,Amsterdam
Karel Doormanstraat,142,"",1,1055VJ,Amsterdam
Karel Doormanstraat,142,"",2,1055VJ,Amsterdam
Karel Doormanstraat,142,"",3,1055VJ,Amsterdam
Karel Doormanstraat,142,"",4,1055VJ,Amsterdam
Karel Doormanstraat,142,"",H,1055VJ,Amsterdam
Karel Doormanstraat,144,"",1,1055VJ,Amsterdam
Karel Doormanstraat,144,"",2,1055VJ,Amsterdam
Karel Doormanstraat,144,"",3,1055VJ,Amsterdam
Karel Doormanstraat,144,"",4,1055VJ,Amsterdam
Karel Doormanstraat,144,"",H,1055VJ,Amsterdam
Karel Doormanstraat,146,"",1,1055VJ,Amsterdam
Karel Doormanstraat,146,"",2,1055VJ,Amsterdam
Karel Doormanstraat,146,"",3,1055VJ,Amsterdam
Karel Doormanstraat,146,"",4,1055VJ,Amsterdam
Karel Doormanstraat,146,"",H,1055VJ,Amsterdam
Karel Doormanstraat,148,"",1,1055VJ,Amsterdam
Karel Doormanstraat,148,"",2,1055VJ,Amsterdam
Karel Doormanstraat,148,"",3,1055VJ,Amsterdam
Karel Doormanstraat,148,"",4,1055VJ,Amsterdam
Karel Doormanstraat,148,"",4,1055VJ,Amsterdam
Anna van Burenstraat,1,"",1,1055VK,Amsterdam
Anna van Burenstraat,1,"",2,1055VK,Amsterdam
Anna van Burenstraat,1,"",3,1055VK,Amsterdam
Anna van Burenstraat,1,"",H,1055VK,Amsterdam
Anna van Burenstraat,1,"",H,1055VK,Amsterdam
Anna van Burenstraat,1,"",H,1055VK,Amsterdam
Anna van Burenstraat,11,"",1,1055VK,Amsterdam
Anna van Burenstraat,11,"",2,1055VK,Amsterdam
Anna van Burenstraat,11,"",3,1055VK,Amsterdam
Anna van Burenstraat,11,"",H,1055VK,Amsterdam
Anna van Burenstraat,3,"",1,1055VK,Amsterdam
Anna van Burenstraat,3,"",2,1055VK,Amsterdam
Anna van Burenstraat,3,"",3,1055VK,Amsterdam
Anna van Burenstraat,3,"",H,1055VK,Amsterdam
Anna van Burenstraat,5,"",1,1055VK,Amsterdam
Anna van Burenstraat,5,"",2,1055VK,Amsterdam
Anna van Burenstraat,5,"",3,1055VK,Amsterdam
Anna van Burenstraat,5,"",H,1055VK,Amsterdam
Anna van Burenstraat,7,"",1,1055VK,Amsterdam
Anna van Burenstraat,7,"",2,1055VK,Amsterdam
Anna van Burenstraat,7,"",3,1055VK,Amsterdam
Anna van Burenstraat,7,"",H,1055VK,Amsterdam
Anna van Burenstraat,9,"",1,1055VK,Amsterdam
Anna van Burenstraat,9,"",2,1055VK,Amsterdam
Anna van Burenstraat,9,"",3,1055VK,Amsterdam
Anna van Burenstraat,9,"",H,1055VK,Amsterdam
Anna van Burenstraat,13,"",1,1055VL,Amsterdam
Anna van Burenstraat,13,"",2,1055VL,Amsterdam
Anna van Burenstraat,13,"",3,1055VL,Amsterdam
Anna van Burenstraat,13,"",H,1055VL,Amsterdam
Anna van Burenstraat,15,"",1,1055VL,Amsterdam
Anna van Burenstraat,15,"",2,1055VL,Amsterdam
Anna van Burenstraat,15,"",3,1055VL,Amsterdam
Anna van Burenstraat,15,"",H,1055VL,Amsterdam
Anna van Burenstraat,17,"",1,1055VL,Amsterdam
Anna van Burenstraat,17,"",2,1055VL,Amsterdam
Anna van Burenstraat,17,"",3,1055VL,Amsterdam
Anna van Burenstraat,17,"",H,1055VL,Amsterdam
Anna van Burenstraat,19,"",1,1055VL,Amsterdam
Anna van Burenstraat,19,"",2,1055VL,Amsterdam
Anna van Burenstraat,19,"",3,1055VL,Amsterdam
Anna van Burenstraat,19,"",H,1055VL,Amsterdam
Anna van Burenstraat,21,"",1,1055VL,Amsterdam
Anna van Burenstraat,21,"",2,1055VL,Amsterdam
Anna van Burenstraat,21,"",3,1055VL,Amsterdam
Anna van Burenstraat,21,"",H,1055VL,Amsterdam
Anna van Burenstraat,10,"",1,1055VM,Amsterdam
Anna van Burenstraat,10,"",2,1055VM,Amsterdam
Anna van Burenstraat,10,"",3,1055VM,Amsterdam
Anna van Burenstraat,10,"",H,1055VM,Amsterdam
Anna van Burenstraat,12,"",1,1055VM,Amsterdam
Anna van Burenstraat,12,"",2,1055VM,Amsterdam
Anna van Burenstraat,12,"",3,1055VM,Amsterdam
Anna van Burenstraat,12,"",H,1055VM,Amsterdam
Anna van Burenstraat,14,"",1,1055VM,Amsterdam
Anna van Burenstraat,14,"",2,1055VM,Amsterdam
Anna van Burenstraat,14,"",3,1055VM,Amsterdam
Anna van Burenstraat,14,"",H,1055VM,Amsterdam
Anna van Burenstraat,2,"","",1055VM,Amsterdam
Anna van Burenstraat,4,"",1,1055VM,Amsterdam
Anna van Burenstraat,4,"",2,1055VM,Amsterdam
Anna van Burenstraat,4,"",3,1055VM,Amsterdam
Anna van Burenstraat,4,"",H,1055VM,Amsterdam
Anna van Burenstraat,6,"",1,1055VM,Amsterdam
Anna van Burenstraat,6,"",2,1055VM,Amsterdam
Anna van Burenstraat,6,"",3,1055VM,Amsterdam
Anna van Burenstraat,6,"",H,1055VM,Amsterdam
Anna van Burenstraat,8,"",1,1055VM,Amsterdam
Anna van Burenstraat,8,"",2,1055VM,Amsterdam
Anna van Burenstraat,8,"",3,1055VM,Amsterdam
Anna van Burenstraat,8,"",H,1055VM,Amsterdam
Anna van Burenstraat,16,"",1,1055VN,Amsterdam
Anna van Burenstraat,16,"",2,1055VN,Amsterdam
Anna van Burenstraat,16,"",3,1055VN,Amsterdam
Anna van Burenstraat,16,"",H,1055VN,Amsterdam
Anna van Burenstraat,18,"",1,1055VN,Amsterdam
Anna van Burenstraat,18,"",2,1055VN,Amsterdam
Anna van Burenstraat,18,"",3,1055VN,Amsterdam
Anna van Burenstraat,18,"",H,1055VN,Amsterdam
Anna van Burenstraat,20,"",1,1055VN,Amsterdam
Anna van Burenstraat,20,"",2,1055VN,Amsterdam
Anna van Burenstraat,20,"",3,1055VN,Amsterdam
Anna van Burenstraat,20,"",H,1055VN,Amsterdam
Anna van Burenstraat,22,"",1,1055VN,Amsterdam
Anna van Burenstraat,22,"",2,1055VN,Amsterdam
Anna van Burenstraat,22,"",3,1055VN,Amsterdam
Anna van Burenstraat,22,"",H,1055VN,Amsterdam
Anna van Burenstraat,24,"",1,1055VN,Amsterdam
Anna van Burenstraat,24,"",2,1055VN,Amsterdam
Anna van Burenstraat,24,"",3,1055VN,Amsterdam
Anna van Burenstraat,24,"",H,1055VN,Amsterdam
Anna van Burenstraat,26,"",1,1055VN,Amsterdam
Anna van Burenstraat,26,"",2,1055VN,Amsterdam
Anna van Burenstraat,26,"",3,1055VN,Amsterdam
Anna van Burenstraat,26,"",H,1055VN,Amsterdam
Charlotte de Bourbonstraat,1,"",1,1055WN,Amsterdam
Charlotte de Bourbonstraat,1,"",2,1055WN,Amsterdam
Charlotte de Bourbonstraat,1,"",3,1055WN,Amsterdam
Charlotte de Bourbonstraat,1,"",H,1055WN,Amsterdam
Charlotte de Bourbonstraat,1,"",H,1055WN,Amsterdam
Charlotte de Bourbonstraat,11,"",1,1055WN,Amsterdam
Charlotte de Bourbonstraat,11,"",2,1055WN,Amsterdam
Charlotte de Bourbonstraat,11,"",3,1055WN,Amsterdam
Charlotte de Bourbonstraat,11,"",H,1055WN,Amsterdam
Charlotte de Bourbonstraat,3,"",1,1055WN,Amsterdam
Charlotte de Bourbonstraat,3,"",2,1055WN,Amsterdam
Charlotte de Bourbonstraat,3,"",3,1055WN,Amsterdam
Willem de Zwijgerlaan,327,"","",1055WN,Amsterdam
Charlotte de Bourbonstraat,5,"",1,1055WN,Amsterdam
Charlotte de Bourbonstraat,5,"",2,1055WN,Amsterdam
Charlotte de Bourbonstraat,5,"",3,1055WN,Amsterdam
Charlotte de Bourbonstraat,7,"",1,1055WN,Amsterdam
Charlotte de Bourbonstraat,7,"",2,1055WN,Amsterdam
Charlotte de Bourbonstraat,7,"",3,1055WN,Amsterdam
Charlotte de Bourbonstraat,7,"",H,1055WN,Amsterdam
Charlotte de Bourbonstraat,9,"",1,1055WN,Amsterdam
Charlotte de Bourbonstraat,9,"",2,1055WN,Amsterdam
Charlotte de Bourbonstraat,9,"",3,1055WN,Amsterdam
Charlotte de Bourbonstraat,9,"",H,1055WN,Amsterdam
Charlotte de Bourbonstraat,13,"",1,1055WP,Amsterdam
Charlotte de Bourbonstraat,13,"",2,1055WP,Amsterdam
Charlotte de Bourbonstraat,13,"",3,1055WP,Amsterdam
Charlotte de Bourbonstraat,13,"",H,1055WP,Amsterdam
Charlotte de Bourbonstraat,15,"",1,1055WP,Amsterdam
Charlotte de Bourbonstraat,15,"",2,1055WP,Amsterdam
Charlotte de Bourbonstraat,15,"",3,1055WP,Amsterdam
Charlotte de Bourbonstraat,15,"",H,1055WP,Amsterdam
Charlotte de Bourbonstraat,17,"",1,1055WP,Amsterdam
Charlotte de Bourbonstraat,17,"",2,1055WP,Amsterdam
Charlotte de Bourbonstraat,17,"",3,1055WP,Amsterdam
Charlotte de Bourbonstraat,17,"",H,1055WP,Amsterdam
Charlotte de Bourbonstraat,19,"",1,1055WP,Amsterdam
Charlotte de Bourbonstraat,19,"",2,1055WP,Amsterdam
Charlotte de Bourbonstraat,19,"",3,1055WP,Amsterdam
Charlotte de Bourbonstraat,19,"",H,1055WP,Amsterdam
Charlotte de Bourbonstraat,21,"",1,1055WP,Amsterdam
Charlotte de Bourbonstraat,21,"",2,1055WP,Amsterdam
Charlotte de Bourbonstraat,21,"",3,1055WP,Amsterdam
Charlotte de Bourbonstraat,21,"",H,1055WP,Amsterdam
Charlotte de Bourbonstraat,23,"",1,1055WP,Amsterdam
Charlotte de Bourbonstraat,23,"",2,1055WP,Amsterdam
Charlotte de Bourbonstraat,23,"",3,1055WP,Amsterdam
Charlotte de Bourbonstraat,23,"",H,1055WP,Amsterdam
Charlotte de Bourbonstraat,25,"",1,1055WR,Amsterdam
Charlotte de Bourbonstraat,25,"",2,1055WR,Amsterdam
Charlotte de Bourbonstraat,25,"",3,1055WR,Amsterdam
Charlotte de Bourbonstraat,25,"",H,1055WR,Amsterdam
Charlotte de Bourbonstraat,27,"",1,1055WR,Amsterdam
Charlotte de Bourbonstraat,27,"",2,1055WR,Amsterdam
Charlotte de Bourbonstraat,27,"",3,1055WR,Amsterdam
Charlotte de Bourbonstraat,27,"",H,1055WR,Amsterdam
Charlotte de Bourbonstraat,29,"",1,1055WR,Amsterdam
Charlotte de Bourbonstraat,29,"",2,1055WR,Amsterdam
Charlotte de Bourbonstraat,29,"",3,1055WR,Amsterdam
Charlotte de Bourbonstraat,29,"",H,1055WR,Amsterdam
Charlotte de Bourbonstraat,31,"",1,1055WR,Amsterdam
Charlotte de Bourbonstraat,31,"",2,1055WR,Amsterdam
Charlotte de Bourbonstraat,31,"",3,1055WR,Amsterdam
Charlotte de Bourbonstraat,31,"",H,1055WR,Amsterdam
Charlotte de Bourbonstraat,33,"",1,1055WR,Amsterdam
Charlotte de Bourbonstraat,33,"",2,1055WR,Amsterdam
Charlotte de Bourbonstraat,33,"",3,1055WR,Amsterdam
Charlotte de Bourbonstraat,33,"",H,1055WR,Amsterdam
Charlotte de Bourbonstraat,35,"",1,1055WR,Amsterdam
Charlotte de Bourbonstraat,35,"",2,1055WR,Amsterdam
Charlotte de Bourbonstraat,35,"",3,1055WR,Amsterdam
Charlotte de Bourbonstraat,35,"",H,1055WR,Amsterdam
Charlotte de Bourbonstraat,37,"",1,1055WS,Amsterdam
Charlotte de Bourbonstraat,37,"",2,1055WS,Amsterdam
Charlotte de Bourbonstraat,37,"",3,1055WS,Amsterdam
Charlotte de Bourbonstraat,37,"",H,1055WS,Amsterdam
Charlotte de Bourbonstraat,39,"",1,1055WS,Amsterdam
Charlotte de Bourbonstraat,39,"",2,1055WS,Amsterdam
Charlotte de Bourbonstraat,39,"",3,1055WS,Amsterdam
Charlotte de Bourbonstraat,39,"",H,1055WS,Amsterdam
Charlotte de Bourbonstraat,41,"",1,1055WS,Amsterdam
Charlotte de Bourbonstraat,41,"",2,1055WS,Amsterdam
Charlotte de Bourbonstraat,41,"",3,1055WS,Amsterdam
Charlotte de Bourbonstraat,41,"",H,1055WS,Amsterdam
Charlotte de Bourbonstraat,43,"",1,1055WS,Amsterdam
Charlotte de Bourbonstraat,43,"",2,1055WS,Amsterdam
Charlotte de Bourbonstraat,43,"",3,1055WS,Amsterdam
Charlotte de Bourbonstraat,43,"",H,1055WS,Amsterdam
Charlotte de Bourbonstraat,10,"",1,1055WT,Amsterdam
Charlotte de Bourbonstraat,10,"",2,1055WT,Amsterdam
Charlotte de Bourbonstraat,10,"",3,1055WT,Amsterdam
Charlotte de Bourbonstraat,10,"",H,1055WT,Amsterdam
Charlotte de Bourbonstraat,10,A,"",1055WT,Amsterdam
Charlotte de Bourbonstraat,10,A,"",1055WT,Amsterdam
Charlotte de Bourbonstraat,10,B,"",1055WT,Amsterdam
Charlotte de Bourbonstraat,10,C,"",1055WT,Amsterdam
Charlotte de Bourbonstraat,10,D,"",1055WT,Amsterdam
Charlotte de Bourbonstraat,10,E,"",1055WT,Amsterdam
Charlotte de Bourbonstraat,10,F,"",1055WT,Amsterdam
Charlotte de Bourbonstraat,10,G,"",1055WT,Amsterdam
Charlotte de Bourbonstraat,12,"","",1055WT,Amsterdam
Charlotte de Bourbonstraat,12,"",1,1055WT,Amsterdam
Charlotte de Bourbonstraat,12,"",2,1055WT,Amsterdam
Charlotte de Bourbonstraat,12,"",3,1055WT,Amsterdam
Charlotte de Bourbonstraat,12,"",H,1055WT,Amsterdam
Charlotte de Bourbonstraat,14,"",1,1055WT,Amsterdam
Charlotte de Bourbonstraat,14,"",2,1055WT,Amsterdam
Charlotte de Bourbonstraat,14,"",3,1055WT,Amsterdam
Charlotte de Bourbonstraat,14,"",H,1055WT,Amsterdam
Charlotte de Bourbonstraat,14,A,"",1055WT,Amsterdam
Charlotte de Bourbonstraat,14,B,"",1055WT,Amsterdam
Charlotte de Bourbonstraat,14,C,"",1055WT,Amsterdam
Charlotte de Bourbonstraat,14,D,"",1055WT,Amsterdam
Charlotte de Bourbonstraat,2,"","",1055WT,Amsterdam
Charlotte de Bourbonstraat,2,"","",1055WT,Amsterdam
Charlotte de Bourbonstraat,4,"",1,1055WT,Amsterdam
Charlotte de Bourbonstraat,4,"",2,1055WT,Amsterdam
Charlotte de Bourbonstraat,4,"",3,1055WT,Amsterdam
Charlotte de Bourbonstraat,4,"",A,1055WT,Amsterdam
Charlotte de Bourbonstraat,4,"",H,1055WT,Amsterdam
Charlotte de Bourbonstraat,4,A,"",1055WT,Amsterdam
Charlotte de Bourbonstraat,4,A,"",1055WT,Amsterdam
Charlotte de Bourbonstraat,4,B,"",1055WT,Amsterdam
Charlotte de Bourbonstraat,4,C,"",1055WT,Amsterdam
Charlotte de Bourbonstraat,4,D,"",1055WT,Amsterdam
Charlotte de Bourbonstraat,4,E,"",1055WT,Amsterdam
Charlotte de Bourbonstraat,4,F,"",1055WT,Amsterdam
Charlotte de Bourbonstraat,4,G,"",1055WT,Amsterdam
Charlotte de Bourbonstraat,6,"","",1055WT,Amsterdam
Charlotte de Bourbonstraat,6,"",1,1055WT,Amsterdam
Charlotte de Bourbonstraat,6,"",2,1055WT,Amsterdam
Charlotte de Bourbonstraat,6,"",3,1055WT,Amsterdam
Charlotte de Bourbonstraat,8,"","",1055WT,Amsterdam
Charlotte de Bourbonstraat,8,"",1,1055WT,Amsterdam
Charlotte de Bourbonstraat,8,"",2,1055WT,Amsterdam
Charlotte de Bourbonstraat,8,"",3,1055WT,Amsterdam
Charlotte de Bourbonstraat,16,"","",1055WV,Amsterdam
Charlotte de Bourbonstraat,16,"",1,1055WV,Amsterdam
Charlotte de Bourbonstraat,16,"",2,1055WV,Amsterdam
Charlotte de Bourbonstraat,16,"",3,1055WV,Amsterdam
Charlotte de Bourbonstraat,16,"",H,1055WV,Amsterdam
Charlotte de Bourbonstraat,18,"",1,1055WV,Amsterdam
Charlotte de Bourbonstraat,18,"",2,1055WV,Amsterdam
Charlotte de Bourbonstraat,18,"",3,1055WV,Amsterdam
Charlotte de Bourbonstraat,18,"",H,1055WV,Amsterdam
Charlotte de Bourbonstraat,18,A,"",1055WV,Amsterdam
Charlotte de Bourbonstraat,18,B,"",1055WV,Amsterdam
Charlotte de Bourbonstraat,18,C,"",1055WV,Amsterdam
Charlotte de Bourbonstraat,18,D,"",1055WV,Amsterdam
Charlotte de Bourbonstraat,18,E,"",1055WV,Amsterdam
Charlotte de Bourbonstraat,18,F,"",1055WV,Amsterdam
Charlotte de Bourbonstraat,18,G,"",1055WV,Amsterdam
Charlotte de Bourbonstraat,18,H,"",1055WV,Amsterdam
Charlotte de Bourbonstraat,20,"","",1055WV,Amsterdam
Charlotte de Bourbonstraat,20,"",1,1055WV,Amsterdam
Charlotte de Bourbonstraat,20,"",2,1055WV,Amsterdam
Charlotte de Bourbonstraat,20,"",3,1055WV,Amsterdam
Charlotte de Bourbonstraat,20,"",H,1055WV,Amsterdam
Charlotte de Bourbonstraat,22,"",1,1055WV,Amsterdam
Charlotte de Bourbonstraat,22,"",2,1055WV,Amsterdam
Charlotte de Bourbonstraat,22,"",3,1055WV,Amsterdam
Charlotte de Bourbonstraat,22,"",H,1055WV,Amsterdam
Charlotte de Bourbonstraat,22,A,"",1055WV,Amsterdam
Charlotte de Bourbonstraat,22,B,"",1055WV,Amsterdam
Charlotte de Bourbonstraat,22,C,"",1055WV,Amsterdam
Charlotte de Bourbonstraat,22,D,"",1055WV,Amsterdam
Charlotte de Bourbonstraat,24,"","",1055WV,Amsterdam
Charlotte de Bourbonstraat,24,"",1,1055WV,Amsterdam
Charlotte de Bourbonstraat,24,"",2,1055WV,Amsterdam
Charlotte de Bourbonstraat,24,"",3,1055WV,Amsterdam
Charlotte de Bourbonstraat,24,"",H,1055WV,Amsterdam
Charlotte de Bourbonstraat,26,"",1,1055WV,Amsterdam
Charlotte de Bourbonstraat,26,"",2,1055WV,Amsterdam
Charlotte de Bourbonstraat,26,"",3,1055WV,Amsterdam
Charlotte de Bourbonstraat,26,"",H,1055WV,Amsterdam
Charlotte de Bourbonstraat,26,A,"",1055WV,Amsterdam
Charlotte de Bourbonstraat,26,B,"",1055WV,Amsterdam
Charlotte de Bourbonstraat,26,C,"",1055WV,Amsterdam
Charlotte de Bourbonstraat,26,D,"",1055WV,Amsterdam
Charlotte de Bourbonstraat,26,E,"",1055WV,Amsterdam
Charlotte de Bourbonstraat,26,F,"",1055WV,Amsterdam
Charlotte de Bourbonstraat,28,"","",1055WX,Amsterdam
Charlotte de Bourbonstraat,28,"",1,1055WX,Amsterdam
Charlotte de Bourbonstraat,28,"",2,1055WX,Amsterdam
Charlotte de Bourbonstraat,28,"",3,1055WX,Amsterdam
Charlotte de Bourbonstraat,28,"",H,1055WX,Amsterdam
Charlotte de Bourbonstraat,30,"",1,1055WX,Amsterdam
Charlotte de Bourbonstraat,30,"",2,1055WX,Amsterdam
Charlotte de Bourbonstraat,30,"",3,1055WX,Amsterdam
Charlotte de Bourbonstraat,30,"",H,1055WX,Amsterdam
Charlotte de Bourbonstraat,30,A,"",1055WX,Amsterdam
Charlotte de Bourbonstraat,30,B,"",1055WX,Amsterdam
Charlotte de Bourbonstraat,30,C,"",1055WX,Amsterdam
Charlotte de Bourbonstraat,30,D,"",1055WX,Amsterdam
Charlotte de Bourbonstraat,32,"","",1055WX,Amsterdam
Charlotte de Bourbonstraat,32,"",1,1055WX,Amsterdam
Charlotte de Bourbonstraat,32,"",2,1055WX,Amsterdam
Charlotte de Bourbonstraat,32,"",3,1055WX,Amsterdam
Charlotte de Bourbonstraat,32,"",H,1055WX,Amsterdam
Charlotte de Bourbonstraat,34,"",1,1055WX,Amsterdam
Charlotte de Bourbonstraat,34,"",2,1055WX,Amsterdam
Charlotte de Bourbonstraat,34,"",3,1055WX,Amsterdam
Charlotte de Bourbonstraat,34,"",H,1055WX,Amsterdam
Charlotte de Bourbonstraat,34,A,"",1055WX,Amsterdam
Charlotte de Bourbonstraat,34,B,"",1055WX,Amsterdam
Charlotte de Bourbonstraat,34,C,"",1055WX,Amsterdam
Charlotte de Bourbonstraat,34,D,"",1055WX,Amsterdam
Charlotte de Bourbonstraat,34,E,"",1055WX,Amsterdam
Charlotte de Bourbonstraat,34,F,"",1055WX,Amsterdam
Charlotte de Bourbonstraat,34,G,"",1055WX,Amsterdam
Charlotte de Bourbonstraat,34,H,"",1055WX,Amsterdam
Charlotte de Bourbonstraat,36,"","",1055WX,Amsterdam
Charlotte de Bourbonstraat,36,"",1,1055WX,Amsterdam
Charlotte de Bourbonstraat,36,"",2,1055WX,Amsterdam
Charlotte de Bourbonstraat,36,"",3,1055WX,Amsterdam
Charlotte de Bourbonstraat,36,"",H,1055WX,Amsterdam
Charlotte de Bourbonstraat,38,"",1,1055WX,Amsterdam
Charlotte de Bourbonstraat,38,"",2,1055WX,Amsterdam
Charlotte de Bourbonstraat,38,"",3,1055WX,Amsterdam
Charlotte de Bourbonstraat,38,"",H,1055WX,Amsterdam
Charlotte de Bourbonstraat,38,A,"",1055WX,Amsterdam
Charlotte de Bourbonstraat,38,B,"",1055WX,Amsterdam
Charlotte de Bourbonstraat,38,C,"",1055WX,Amsterdam
Charlotte de Bourbonstraat,38,D,"",1055WX,Amsterdam
Charlotte de Bourbonstraat,40,"","",1055WZ,Amsterdam
Charlotte de Bourbonstraat,40,"",1,1055WZ,Amsterdam
Charlotte de Bourbonstraat,40,"",2,1055WZ,Amsterdam
Charlotte de Bourbonstraat,40,"",3,1055WZ,Amsterdam
Charlotte de Bourbonstraat,40,"",H,1055WZ,Amsterdam
Charlotte de Bourbonstraat,42,"",1,1055WZ,Amsterdam
Charlotte de Bourbonstraat,42,"",2,1055WZ,Amsterdam
Charlotte de Bourbonstraat,42,"",3,1055WZ,Amsterdam
Charlotte de Bourbonstraat,42,"",H,1055WZ,Amsterdam
Charlotte de Bourbonstraat,42,A,"",1055WZ,Amsterdam
Charlotte de Bourbonstraat,42,B,"",1055WZ,Amsterdam
Charlotte de Bourbonstraat,42,C,"",1055WZ,Amsterdam
Charlotte de Bourbonstraat,42,D,"",1055WZ,Amsterdam
Charlotte de Bourbonstraat,42,E,"",1055WZ,Amsterdam
Charlotte de Bourbonstraat,42,F,"",1055WZ,Amsterdam
Charlotte de Bourbonstraat,44,"","",1055WZ,Amsterdam
Charlotte de Bourbonstraat,44,"",1,1055WZ,Amsterdam
Charlotte de Bourbonstraat,44,"",2,1055WZ,Amsterdam
Charlotte de Bourbonstraat,44,"",3,1055WZ,Amsterdam
Charlotte de Bourbonstraat,44,"",H,1055WZ,Amsterdam
Charlotte de Bourbonstraat,46,"",1,1055WZ,Amsterdam
Charlotte de Bourbonstraat,46,"",2,1055WZ,Amsterdam
Charlotte de Bourbonstraat,46,"",3,1055WZ,Amsterdam
Charlotte de Bourbonstraat,46,"",H,1055WZ,Amsterdam
Charlotte de Bourbonstraat,46,A,"",1055WZ,Amsterdam
Charlotte de Bourbonstraat,46,B,"",1055WZ,Amsterdam
Charlotte de Bourbonstraat,46,C,"",1055WZ,Amsterdam
Charlotte de Bourbonstraat,46,D,"",1055WZ,Amsterdam
Charlotte de Bourbonstraat,48,"","",1055WZ,Amsterdam
Charlotte de Bourbonstraat,48,"",1,1055WZ,Amsterdam
Charlotte de Bourbonstraat,48,"",2,1055WZ,Amsterdam
Charlotte de Bourbonstraat,48,"",3,1055WZ,Amsterdam
Charlotte de Bourbonstraat,48,"",H,1055WZ,Amsterdam
Charlotte de Bourbonstraat,50,"",1,1055WZ,Amsterdam
Charlotte de Bourbonstraat,50,"",2,1055WZ,Amsterdam
Charlotte de Bourbonstraat,50,"",3,1055WZ,Amsterdam
Charlotte de Bourbonstraat,50,"",H,1055WZ,Amsterdam
Charlotte de Bourbonstraat,50,A,"",1055WZ,Amsterdam
Charlotte de Bourbonstraat,50,B,"",1055WZ,Amsterdam
Charlotte de Bourbonstraat,50,C,"",1055WZ,Amsterdam
Charlotte de Bourbonstraat,50,D,"",1055WZ,Amsterdam
Charlotte de Bourbonstraat,50,E,"",1055WZ,Amsterdam
Charlotte de Bourbonstraat,50,F,"",1055WZ,Amsterdam
Charlotte de Bourbonstraat,50,G,"",1055WZ,Amsterdam
Charlotte de Bourbonstraat,50,H,"",1055WZ,Amsterdam
Charlotte de Bourbonstraat,52,"","",1055XA,Amsterdam
Charlotte de Bourbonstraat,52,"",1,1055XA,Amsterdam
Charlotte de Bourbonstraat,52,"",2,1055XA,Amsterdam
Charlotte de Bourbonstraat,52,"",3,1055XA,Amsterdam
Charlotte de Bourbonstraat,52,"",H,1055XA,Amsterdam
Charlotte de Bourbonstraat,54,"",1,1055XA,Amsterdam
Charlotte de Bourbonstraat,54,"",2,1055XA,Amsterdam
Charlotte de Bourbonstraat,54,"",3,1055XA,Amsterdam
Charlotte de Bourbonstraat,54,"",H,1055XA,Amsterdam
Charlotte de Bourbonstraat,54,A,"",1055XA,Amsterdam
Charlotte de Bourbonstraat,54,B,"",1055XA,Amsterdam
Charlotte de Bourbonstraat,54,C,"",1055XA,Amsterdam
Charlotte de Bourbonstraat,54,D,"",1055XA,Amsterdam
Charlotte de Bourbonstraat,56,"","",1055XA,Amsterdam
Charlotte de Bourbonstraat,56,"","",1055XA,Amsterdam
Charlotte de Bourbonstraat,56,"",1,1055XA,Amsterdam
Charlotte de Bourbonstraat,56,"",2,1055XA,Amsterdam
Charlotte de Bourbonstraat,56,"",3,1055XA,Amsterdam
Charlotte de Bourbonstraat,56,"",H,1055XA,Amsterdam
Charlotte de Bourbonstraat,58,"",1,1055XA,Amsterdam
Charlotte de Bourbonstraat,58,"",2,1055XA,Amsterdam
Charlotte de Bourbonstraat,58,"",3,1055XA,Amsterdam
Charlotte de Bourbonstraat,58,"",H,1055XA,Amsterdam
Charlotte de Bourbonstraat,58,A,"",1055XA,Amsterdam
Charlotte de Bourbonstraat,58,A,"",1055XA,Amsterdam
Charlotte de Bourbonstraat,58,B,"",1055XA,Amsterdam
Charlotte de Bourbonstraat,58,B,"",1055XA,Amsterdam
Charlotte de Bourbonstraat,58,C,"",1055XA,Amsterdam
Charlotte de Bourbonstraat,58,C,"",1055XA,Amsterdam
Charlotte de Bourbonstraat,58,D,"",1055XA,Amsterdam
Charlotte de Bourbonstraat,58,E,"",1055XA,Amsterdam
Charlotte de Bourbonstraat,58,F,"",1055XA,Amsterdam
Charlotte de Bourbonstraat,60,"","",1055XA,Amsterdam
Charlotte de Bourbonstraat,60,"",1,1055XA,Amsterdam
Charlotte de Bourbonstraat,60,"",2,1055XA,Amsterdam
Charlotte de Bourbonstraat,60,"",3,1055XA,Amsterdam
Charlotte de Bourbonstraat,60,"",H,1055XA,Amsterdam
Charlotte de Bourbonstraat,62,"",1,1055XA,Amsterdam
Charlotte de Bourbonstraat,62,"",2,1055XA,Amsterdam
Charlotte de Bourbonstraat,62,"",3,1055XA,Amsterdam
Charlotte de Bourbonstraat,62,"",H,1055XA,Amsterdam
Charlotte de Bourbonstraat,62,A,"",1055XA,Amsterdam
Charlotte de Bourbonstraat,62,B,"",1055XA,Amsterdam
Charlotte de Bourbonstraat,62,C,"",1055XA,Amsterdam
Charlotte de Bourbonstraat,62,D,"",1055XA,Amsterdam
Charlotte de Bourbonstraat,62,E,"",1055XA,Amsterdam
Charlotte de Bourbonstraat,62,F,"",1055XA,Amsterdam
Charlotte de Bourbonstraat,62,G,"",1055XA,Amsterdam
Charlotte de Bourbonstraat,62,H,"",1055XA,Amsterdam
Charlotte de Bourbonstraat,64,"","",1055XB,Amsterdam
Charlotte de Bourbonstraat,64,"",1,1055XB,Amsterdam
Charlotte de Bourbonstraat,64,"",2,1055XB,Amsterdam
Charlotte de Bourbonstraat,64,"",3,1055XB,Amsterdam
Charlotte de Bourbonstraat,64,"",H,1055XB,Amsterdam
Charlotte de Bourbonstraat,66,"",1,1055XB,Amsterdam
Charlotte de Bourbonstraat,66,"",2,1055XB,Amsterdam
Charlotte de Bourbonstraat,66,"",3,1055XB,Amsterdam
Charlotte de Bourbonstraat,66,"",H,1055XB,Amsterdam
Charlotte de Bourbonstraat,66,A,"",1055XB,Amsterdam
Charlotte de Bourbonstraat,66,B,"",1055XB,Amsterdam
Charlotte de Bourbonstraat,66,C,"",1055XB,Amsterdam
Charlotte de Bourbonstraat,66,D,"",1055XB,Amsterdam
Charlotte de Bourbonstraat,66,E,"",1055XB,Amsterdam
Charlotte de Bourbonstraat,66,F,"",1055XB,Amsterdam
Charlotte de Bourbonstraat,68,"","",1055XB,Amsterdam
Charlotte de Bourbonstraat,68,"",1,1055XB,Amsterdam
Charlotte de Bourbonstraat,68,"",2,1055XB,Amsterdam
Charlotte de Bourbonstraat,68,"",3,1055XB,Amsterdam
Charlotte de Bourbonstraat,68,"",H,1055XB,Amsterdam
Charlotte de Bourbonstraat,70,"",1,1055XB,Amsterdam
Charlotte de Bourbonstraat,70,"",2,1055XB,Amsterdam
Charlotte de Bourbonstraat,70,"",3,1055XB,Amsterdam
Charlotte de Bourbonstraat,70,"",H,1055XB,Amsterdam
Charlotte de Bourbonstraat,70,A,"",1055XB,Amsterdam
Charlotte de Bourbonstraat,70,B,"",1055XB,Amsterdam
Charlotte de Bourbonstraat,70,C,"",1055XB,Amsterdam
Charlotte de Bourbonstraat,70,D,"",1055XB,Amsterdam
Charlotte de Bourbonstraat,70,E,"",1055XB,Amsterdam
Charlotte de Bourbonstraat,70,F,"",1055XB,Amsterdam
Charlotte de Bourbonstraat,70,G,"",1055XB,Amsterdam
Charlotte de Bourbonstraat,70,H,"",1055XB,Amsterdam
Louise de Colignystraat,1,"",1,1055XC,Amsterdam
Louise de Colignystraat,1,"",2,1055XC,Amsterdam
Louise de Colignystraat,1,"",3,1055XC,Amsterdam
Louise de Colignystraat,1,"",H,1055XC,Amsterdam
Louise de Colignystraat,1,A,"",1055XC,Amsterdam
Louise de Colignystraat,1,A,"",1055XC,Amsterdam
Louise de Colignystraat,1,B,"",1055XC,Amsterdam
Louise de Colignystraat,1,C,"",1055XC,Amsterdam
Louise de Colignystraat,1,D,"",1055XC,Amsterdam
Louise de Colignystraat,1,E,"",1055XC,Amsterdam
Louise de Colignystraat,1,F,"",1055XC,Amsterdam
Louise de Colignystraat,1,G,"",1055XC,Amsterdam
Louise de Colignystraat,11,"",1,1055XC,Amsterdam
Louise de Colignystraat,11,"",2,1055XC,Amsterdam
Louise de Colignystraat,11,"",3,1055XC,Amsterdam
Louise de Colignystraat,11,"",H,1055XC,Amsterdam
Louise de Colignystraat,11,A,"",1055XC,Amsterdam
Louise de Colignystraat,11,B,"",1055XC,Amsterdam
Louise de Colignystraat,11,C,"",1055XC,Amsterdam
Louise de Colignystraat,11,D,"",1055XC,Amsterdam
Louise de Colignystraat,3,"","",1055XC,Amsterdam
Louise de Colignystraat,3,"",1,1055XC,Amsterdam
Louise de Colignystraat,3,"",2,1055XC,Amsterdam
Louise de Colignystraat,3,"",3,1055XC,Amsterdam
Louise de Colignystraat,5,"","",1055XC,Amsterdam
Louise de Colignystraat,5,"",1,1055XC,Amsterdam
Louise de Colignystraat,5,"",2,1055XC,Amsterdam
Louise de Colignystraat,5,"",3,1055XC,Amsterdam
Louise de Colignystraat,7,"",1,1055XC,Amsterdam
Louise de Colignystraat,7,"",2,1055XC,Amsterdam
Louise de Colignystraat,7,"",3,1055XC,Amsterdam
Louise de Colignystraat,7,"",H,1055XC,Amsterdam
Louise de Colignystraat,7,A,"",1055XC,Amsterdam
Louise de Colignystraat,7,B,"",1055XC,Amsterdam
Louise de Colignystraat,7,C,"",1055XC,Amsterdam
Louise de Colignystraat,7,D,"",1055XC,Amsterdam
Louise de Colignystraat,7,E,"",1055XC,Amsterdam
Louise de Colignystraat,7,F,"",1055XC,Amsterdam
Louise de Colignystraat,7,G,"",1055XC,Amsterdam
Louise de Colignystraat,9,"","",1055XC,Amsterdam
Louise de Colignystraat,9,"",1,1055XC,Amsterdam
Louise de Colignystraat,9,"",2,1055XC,Amsterdam
Louise de Colignystraat,9,"",3,1055XC,Amsterdam
Louise de Colignystraat,9,"",H,1055XC,Amsterdam
Louise de Colignystraat,13,"","",1055XD,Amsterdam
Louise de Colignystraat,13,"",1,1055XD,Amsterdam
Louise de Colignystraat,13,"",2,1055XD,Amsterdam
Louise de Colignystraat,13,"",3,1055XD,Amsterdam
Louise de Colignystraat,13,"",H,1055XD,Amsterdam
Louise de Colignystraat,15,"",1,1055XD,Amsterdam
Louise de Colignystraat,15,"",2,1055XD,Amsterdam
Louise de Colignystraat,15,"",3,1055XD,Amsterdam
Louise de Colignystraat,15,"",H,1055XD,Amsterdam
Louise de Colignystraat,15,A,"",1055XD,Amsterdam
Louise de Colignystraat,15,B,"",1055XD,Amsterdam
Louise de Colignystraat,15,C,"",1055XD,Amsterdam
Louise de Colignystraat,15,D,"",1055XD,Amsterdam
Louise de Colignystraat,15,E,"",1055XD,Amsterdam
Louise de Colignystraat,15,F,"",1055XD,Amsterdam
Louise de Colignystraat,15,G,"",1055XD,Amsterdam
Louise de Colignystraat,15,H,"",1055XD,Amsterdam
Louise de Colignystraat,17,"","",1055XD,Amsterdam
Louise de Colignystraat,17,"",1,1055XD,Amsterdam
Louise de Colignystraat,17,"",2,1055XD,Amsterdam
Louise de Colignystraat,17,"",3,1055XD,Amsterdam
Louise de Colignystraat,17,"",H,1055XD,Amsterdam
Louise de Colignystraat,19,"",1,1055XD,Amsterdam
Louise de Colignystraat,19,"",2,1055XD,Amsterdam
Louise de Colignystraat,19,"",3,1055XD,Amsterdam
Louise de Colignystraat,19,"",H,1055XD,Amsterdam
Louise de Colignystraat,19,A,"",1055XD,Amsterdam
Louise de Colignystraat,19,B,"",1055XD,Amsterdam
Louise de Colignystraat,19,C,"",1055XD,Amsterdam
Louise de Colignystraat,19,D,"",1055XD,Amsterdam
Louise de Colignystraat,19,E,"",1055XD,Amsterdam
Louise de Colignystraat,19,F,"",1055XD,Amsterdam
Louise de Colignystraat,21,"","",1055XD,Amsterdam
Louise de Colignystraat,21,"",1,1055XD,Amsterdam
Louise de Colignystraat,21,"",2,1055XD,Amsterdam
Louise de Colignystraat,21,"",3,1055XD,Amsterdam
Louise de Colignystraat,21,"",H,1055XD,Amsterdam
Louise de Colignystraat,23,"",1,1055XD,Amsterdam
Louise de Colignystraat,23,"",2,1055XD,Amsterdam
Louise de Colignystraat,23,"",3,1055XD,Amsterdam
Louise de Colignystraat,23,"",H,1055XD,Amsterdam
Louise de Colignystraat,23,A,"",1055XD,Amsterdam
Louise de Colignystraat,23,B,"",1055XD,Amsterdam
Louise de Colignystraat,23,C,"",1055XD,Amsterdam
Louise de Colignystraat,23,D,"",1055XD,Amsterdam
Louise de Colignystraat,25,"","",1055XE,Amsterdam
Louise de Colignystraat,25,"",1,1055XE,Amsterdam
Louise de Colignystraat,25,"",2,1055XE,Amsterdam
Louise de Colignystraat,25,"",3,1055XE,Amsterdam
Louise de Colignystraat,25,"",H,1055XE,Amsterdam
Louise de Colignystraat,27,"",1,1055XE,Amsterdam
Louise de Colignystraat,27,"",2,1055XE,Amsterdam
Louise de Colignystraat,27,"",3,1055XE,Amsterdam
Louise de Colignystraat,27,"",H,1055XE,Amsterdam
Louise de Colignystraat,27,A,"",1055XE,Amsterdam
Louise de Colignystraat,27,B,"",1055XE,Amsterdam
Louise de Colignystraat,27,C,"",1055XE,Amsterdam
Louise de Colignystraat,27,D,"",1055XE,Amsterdam
Louise de Colignystraat,29,"","",1055XE,Amsterdam
Louise de Colignystraat,29,"",1,1055XE,Amsterdam
Louise de Colignystraat,29,"",2,1055XE,Amsterdam
Louise de Colignystraat,29,"",3,1055XE,Amsterdam
Louise de Colignystraat,29,"",H,1055XE,Amsterdam
Louise de Colignystraat,31,"",1,1055XE,Amsterdam
Louise de Colignystraat,31,"",2,1055XE,Amsterdam
Louise de Colignystraat,31,"",3,1055XE,Amsterdam
Louise de Colignystraat,31,"",A,1055XE,Amsterdam
Louise de Colignystraat,31,"",B,1055XE,Amsterdam
Louise de Colignystraat,31,"",H,1055XE,Amsterdam
Louise de Colignystraat,31,A,"",1055XE,Amsterdam
Louise de Colignystraat,31,B,"",1055XE,Amsterdam
Louise de Colignystraat,31,C,"",1055XE,Amsterdam
Louise de Colignystraat,31,D,"",1055XE,Amsterdam
Louise de Colignystraat,31,E,"",1055XE,Amsterdam
Louise de Colignystraat,31,F,"",1055XE,Amsterdam
Louise de Colignystraat,31,G,"",1055XE,Amsterdam
Louise de Colignystraat,31,H,"",1055XE,Amsterdam
Louise de Colignystraat,33,"","",1055XE,Amsterdam
Louise de Colignystraat,33,"",1,1055XE,Amsterdam
Louise de Colignystraat,33,"",2,1055XE,Amsterdam
Louise de Colignystraat,33,"",3,1055XE,Amsterdam
Louise de Colignystraat,33,"",H,1055XE,Amsterdam
Louise de Colignystraat,35,"",1,1055XE,Amsterdam
Louise de Colignystraat,35,"",2,1055XE,Amsterdam
Louise de Colignystraat,35,"",3,1055XE,Amsterdam
Louise de Colignystraat,35,"",H,1055XE,Amsterdam
Louise de Colignystraat,35,A,"",1055XE,Amsterdam
Louise de Colignystraat,35,B,"",1055XE,Amsterdam
Louise de Colignystraat,35,C,"",1055XE,Amsterdam
Louise de Colignystraat,35,D,"",1055XE,Amsterdam
Louise de Colignystraat,35,E,"",1055XE,Amsterdam
Louise de Colignystraat,35,F,"",1055XE,Amsterdam
Louise de Colignystraat,37,"","",1055XE,Amsterdam
Louise de Colignystraat,37,"","",1055XG,Amsterdam
Louise de Colignystraat,37,"",1,1055XG,Amsterdam
Louise de Colignystraat,37,"",2,1055XG,Amsterdam
Louise de Colignystraat,37,"",3,1055XG,Amsterdam
Louise de Colignystraat,37,"",H,1055XG,Amsterdam
Louise de Colignystraat,39,"",1,1055XG,Amsterdam
Louise de Colignystraat,39,"",2,1055XG,Amsterdam
Louise de Colignystraat,39,"",3,1055XG,Amsterdam
Louise de Colignystraat,39,"",A,1055XG,Amsterdam
Louise de Colignystraat,39,"",H,1055XG,Amsterdam
Louise de Colignystraat,39,A,"",1055XG,Amsterdam
Louise de Colignystraat,39,B,"",1055XG,Amsterdam
Louise de Colignystraat,39,C,"",1055XG,Amsterdam
Louise de Colignystraat,39,D,"",1055XG,Amsterdam
Louise de Colignystraat,39,E,"",1055XG,Amsterdam
Louise de Colignystraat,39,F,"",1055XG,Amsterdam
Louise de Colignystraat,41,"","",1055XG,Amsterdam
Louise de Colignystraat,41,"",1,1055XG,Amsterdam
Louise de Colignystraat,41,"",2,1055XG,Amsterdam
Louise de Colignystraat,41,"",3,1055XG,Amsterdam
Louise de Colignystraat,41,"",H,1055XG,Amsterdam
Louise de Colignystraat,43,"",1,1055XG,Amsterdam
Louise de Colignystraat,43,"",2,1055XG,Amsterdam
Louise de Colignystraat,43,"",3,1055XG,Amsterdam
Louise de Colignystraat,43,"",H,1055XG,Amsterdam
Louise de Colignystraat,43,A,"",1055XG,Amsterdam
Louise de Colignystraat,43,B,"",1055XG,Amsterdam
Louise de Colignystraat,43,C,"",1055XG,Amsterdam
Louise de Colignystraat,43,D,"",1055XG,Amsterdam
Louise de Colignystraat,43,E,"",1055XG,Amsterdam
Louise de Colignystraat,43,F,"",1055XG,Amsterdam
Louise de Colignystraat,45,"","",1055XH,Amsterdam
Louise de Colignystraat,45,"",1,1055XH,Amsterdam
Louise de Colignystraat,45,"",2,1055XH,Amsterdam
Louise de Colignystraat,45,"",3,1055XH,Amsterdam
Louise de Colignystraat,45,"",H,1055XH,Amsterdam
Louise de Colignystraat,47,"",1,1055XH,Amsterdam
Louise de Colignystraat,47,"",2,1055XH,Amsterdam
Louise de Colignystraat,47,"",3,1055XH,Amsterdam
Louise de Colignystraat,47,"",H,1055XH,Amsterdam
Louise de Colignystraat,47,A,"",1055XH,Amsterdam
Louise de Colignystraat,47,B,"",1055XH,Amsterdam
Louise de Colignystraat,47,C,"",1055XH,Amsterdam
Louise de Colignystraat,47,D,"",1055XH,Amsterdam
Louise de Colignystraat,47,E,"",1055XH,Amsterdam
Louise de Colignystraat,47,F,"",1055XH,Amsterdam
Louise de Colignystraat,49,"","",1055XH,Amsterdam
Louise de Colignystraat,49,"",1,1055XH,Amsterdam
Louise de Colignystraat,49,"",2,1055XH,Amsterdam
Louise de Colignystraat,49,"",3,1055XH,Amsterdam
Louise de Colignystraat,49,"",H,1055XH,Amsterdam
Louise de Colignystraat,51,"",1,1055XH,Amsterdam
Louise de Colignystraat,51,"",2,1055XH,Amsterdam
Louise de Colignystraat,51,"",3,1055XH,Amsterdam
Louise de Colignystraat,51,"",H,1055XH,Amsterdam
Louise de Colignystraat,51,A,"",1055XH,Amsterdam
Louise de Colignystraat,51,B,"",1055XH,Amsterdam
Louise de Colignystraat,51,C,"",1055XH,Amsterdam
Louise de Colignystraat,51,D,"",1055XH,Amsterdam
Louise de Colignystraat,51,E,"",1055XH,Amsterdam
Louise de Colignystraat,51,F,"",1055XH,Amsterdam
Louise de Colignystraat,53,"","",1055XH,Amsterdam
Louise de Colignystraat,53,"",1,1055XH,Amsterdam
Louise de Colignystraat,53,"",2,1055XH,Amsterdam
Louise de Colignystraat,53,"",3,1055XH,Amsterdam
Louise de Colignystraat,53,"",H,1055XH,Amsterdam
Louise de Colignystraat,55,A,"",1055XH,Amsterdam
Louise de Colignystraat,55,B,"",1055XH,Amsterdam
Louise de Colignystraat,55,C,"",1055XH,Amsterdam
Louise de Colignystraat,55,D,"",1055XH,Amsterdam
Louise de Colignystraat,10,"",1,1055XJ,Amsterdam
Louise de Colignystraat,10,"",2,1055XJ,Amsterdam
Louise de Colignystraat,10,"",3,1055XJ,Amsterdam
Louise de Colignystraat,10,"",H,1055XJ,Amsterdam
Louise de Colignystraat,12,"",1,1055XJ,Amsterdam
Louise de Colignystraat,12,"",2,1055XJ,Amsterdam
Louise de Colignystraat,12,"",3,1055XJ,Amsterdam
Louise de Colignystraat,12,"",H,1055XJ,Amsterdam
Louise de Colignystraat,14,"",1,1055XJ,Amsterdam
Louise de Colignystraat,14,"",2,1055XJ,Amsterdam
Louise de Colignystraat,14,"",3,1055XJ,Amsterdam
Louise de Colignystraat,14,"",H,1055XJ,Amsterdam
Louise de Colignystraat,2,"","",1055XJ,Amsterdam
Louise de Colignystraat,2,"","",1055XJ,Amsterdam
Louise de Colignystraat,4,"",1,1055XJ,Amsterdam
Louise de Colignystraat,4,"",2,1055XJ,Amsterdam
Louise de Colignystraat,4,"",3,1055XJ,Amsterdam
Louise de Colignystraat,4,"",H,1055XJ,Amsterdam
Louise de Colignystraat,6,"",1,1055XJ,Amsterdam
Louise de Colignystraat,6,"",2,1055XJ,Amsterdam
Louise de Colignystraat,6,"",3,1055XJ,Amsterdam
Louise de Colignystraat,8,"",1,1055XJ,Amsterdam
Louise de Colignystraat,8,"",2,1055XJ,Amsterdam
Louise de Colignystraat,8,"",3,1055XJ,Amsterdam
Louise de Colignystraat,16,"",1,1055XK,Amsterdam
Louise de Colignystraat,16,"",2,1055XK,Amsterdam
Louise de Colignystraat,16,"",3,1055XK,Amsterdam
Louise de Colignystraat,16,"",H,1055XK,Amsterdam
Louise de Colignystraat,18,"",1,1055XK,Amsterdam
Louise de Colignystraat,18,"",2,1055XK,Amsterdam
Louise de Colignystraat,18,"",3,1055XK,Amsterdam
Louise de Colignystraat,18,"",H,1055XK,Amsterdam
Louise de Colignystraat,20,"",1,1055XK,Amsterdam
Louise de Colignystraat,20,"",2,1055XK,Amsterdam
Louise de Colignystraat,20,"",3,1055XK,Amsterdam
Louise de Colignystraat,20,"",H,1055XK,Amsterdam
Louise de Colignystraat,22,"",1,1055XK,Amsterdam
Louise de Colignystraat,22,"",2,1055XK,Amsterdam
Louise de Colignystraat,22,"",3,1055XK,Amsterdam
Louise de Colignystraat,22,"",H,1055XK,Amsterdam
Louise de Colignystraat,24,"",1,1055XK,Amsterdam
Louise de Colignystraat,24,"",2,1055XK,Amsterdam
Louise de Colignystraat,24,"",3,1055XK,Amsterdam
Louise de Colignystraat,24,"",H,1055XK,Amsterdam
Louise de Colignystraat,26,"",1,1055XK,Amsterdam
Louise de Colignystraat,26,"",2,1055XK,Amsterdam
Louise de Colignystraat,26,"",3,1055XK,Amsterdam
Louise de Colignystraat,26,"",H,1055XK,Amsterdam
Louise de Colignystraat,28,"",1,1055XL,Amsterdam
Louise de Colignystraat,28,"",2,1055XL,Amsterdam
Louise de Colignystraat,28,"",3,1055XL,Amsterdam
Louise de Colignystraat,28,"",H,1055XL,Amsterdam
Louise de Colignystraat,30,"",1,1055XL,Amsterdam
Louise de Colignystraat,30,"",2,1055XL,Amsterdam
Louise de Colignystraat,30,"",3,1055XL,Amsterdam
Louise de Colignystraat,30,"",H,1055XL,Amsterdam
Louise de Colignystraat,32,"",1,1055XL,Amsterdam
Louise de Colignystraat,32,"",2,1055XL,Amsterdam
Louise de Colignystraat,32,"",3,1055XL,Amsterdam
Louise de Colignystraat,32,"",H,1055XL,Amsterdam
Louise de Colignystraat,34,"",1,1055XL,Amsterdam
Louise de Colignystraat,34,"",2,1055XL,Amsterdam
Louise de Colignystraat,34,"",3,1055XL,Amsterdam
Louise de Colignystraat,34,"",H,1055XL,Amsterdam
Louise de Colignystraat,36,"",1,1055XL,Amsterdam
Louise de Colignystraat,36,"",2,1055XL,Amsterdam
Louise de Colignystraat,36,"",3,1055XL,Amsterdam
Louise de Colignystraat,36,"",H,1055XL,Amsterdam
Louise de Colignystraat,38,"",1,1055XL,Amsterdam
Louise de Colignystraat,38,"",2,1055XL,Amsterdam
Louise de Colignystraat,38,"",3,1055XL,Amsterdam
Louise de Colignystraat,38,"",H,1055XL,Amsterdam
Louise de Colignystraat,40,"",1,1055XM,Amsterdam
Louise de Colignystraat,40,"",2,1055XM,Amsterdam
Louise de Colignystraat,40,"",3,1055XM,Amsterdam
Louise de Colignystraat,40,"",H,1055XM,Amsterdam
Louise de Colignystraat,42,"",1,1055XM,Amsterdam
Louise de Colignystraat,42,"",2,1055XM,Amsterdam
Louise de Colignystraat,42,"",3,1055XM,Amsterdam
Louise de Colignystraat,42,"",H,1055XM,Amsterdam
Louise de Colignystraat,44,"",1,1055XM,Amsterdam
Louise de Colignystraat,44,"",2,1055XM,Amsterdam
Louise de Colignystraat,44,"",3,1055XM,Amsterdam
Louise de Colignystraat,44,"",H,1055XM,Amsterdam
Louise de Colignystraat,46,"",1,1055XM,Amsterdam
Louise de Colignystraat,46,"",2,1055XM,Amsterdam
Louise de Colignystraat,46,"",3,1055XM,Amsterdam
Louise de Colignystraat,46,"",H,1055XM,Amsterdam
Louise de Colignystraat,48,"",1,1055XN,Amsterdam
Louise de Colignystraat,48,"",2,1055XN,Amsterdam
Louise de Colignystraat,48,"",3,1055XN,Amsterdam
Louise de Colignystraat,48,"",H,1055XN,Amsterdam
Louise de Colignystraat,50,"",1,1055XN,Amsterdam
Louise de Colignystraat,50,"",2,1055XN,Amsterdam
Louise de Colignystraat,50,"",3,1055XN,Amsterdam
Louise de Colignystraat,50,"",H,1055XN,Amsterdam
Louise de Colignystraat,52,"",1,1055XN,Amsterdam
Louise de Colignystraat,52,"",2,1055XN,Amsterdam
Louise de Colignystraat,52,"",3,1055XN,Amsterdam
Louise de Colignystraat,52,"",H,1055XN,Amsterdam
Louise de Colignystraat,54,"",1,1055XN,Amsterdam
Louise de Colignystraat,54,"",2,1055XN,Amsterdam
Louise de Colignystraat,54,"",3,1055XN,Amsterdam
Louise de Colignystraat,54,"",H,1055XN,Amsterdam
